[{"id":"user-image-renovation.png","fileName":"renovation.png","name":"renovation","publicUrl":"https://assets.nicepagecdn.com/f94d3934/6238112/images/renovation.png","size":1321,"hash":"ius1/BiefEmJ5cxfCGiVTiozrJM=","width":50,"height":50,"folderId":"user-image-folder-32ce46ac-d233-08fb-caaa-4d4b738445bd","thumbnail":{"url":"https://assets.nicepagecdn.com/f94d3934/6238112/images/renovation.png","width":50,"height":50},"usages":["904620680"]},{"id":"user-image-carpentry.png","fileName":"carpentry.png","name":"carpentry","publicUrl":"https://assets.nicepagecdn.com/f94d3934/6238112/images/carpentry.png","size":315,"hash":"515X8Ix9orh+9sgEHZqjCi91900=","width":50,"height":50,"folderId":"user-image-folder-32ce46ac-d233-08fb-caaa-4d4b738445bd","thumbnail":{"url":"https://assets.nicepagecdn.com/f94d3934/6238112/images/carpentry.png","width":50,"height":50},"usages":["904620680"]},{"id":"user-image-plumbing.png","fileName":"plumbing.png","name":"plumbing","publicUrl":"https://assets.nicepagecdn.com/f94d3934/6238112/images/plumbing.png","size":841,"hash":"29W84IDcyIv/MF5XjoP+XdOweeY=","width":50,"height":50,"folderId":"user-image-folder-32ce46ac-d233-08fb-caaa-4d4b738445bd","thumbnail":{"url":"https://assets.nicepagecdn.com/f94d3934/6238112/images/plumbing.png","width":50,"height":50},"usages":["904620680"]},{"id":"user-image-electrical.png","fileName":"electrical.png","name":"electrical","publicUrl":"https://assets.nicepagecdn.com/f94d3934/6238112/images/electrical.png","size":476,"hash":"dOTZIX8PRYRMvbaPfCaH8nZncps=","width":50,"height":50,"folderId":"user-image-folder-32ce46ac-d233-08fb-caaa-4d4b738445bd","thumbnail":{"url":"https://assets.nicepagecdn.com/f94d3934/6238112/images/electrical.png","width":50,"height":50},"usages":["904620680"]},{"id":"user-image-floor.png","fileName":"floor.png","name":"floor","publicUrl":"https://assets.nicepagecdn.com/f94d3934/6238112/images/floor.png","size":232,"hash":"jjSXLQvqnuppdXxUUp3bX5r3TK4=","width":32,"height":32,"folderId":"user-image-folder-32ce46ac-d233-08fb-caaa-4d4b738445bd","thumbnail":{"url":"https://assets.nicepagecdn.com/f94d3934/6238112/images/floor.png","width":32,"height":32},"usages":["904620680"]},{"id":"user-image-new-build.png","fileName":"new-build.png","name":"new-build","publicUrl":"https://assets.nicepagecdn.com/f94d3934/6238112/images/new-build.png","size":438,"hash":"QvOlgb4QbNEqNLfcdPJQ78Fg4II=","width":50,"height":50,"folderId":"user-image-folder-32ce46ac-d233-08fb-caaa-4d4b738445bd","thumbnail":{"url":"https://assets.nicepagecdn.com/f94d3934/6238112/images/new-build.png","width":50,"height":50},"usages":["904620680"]},{"id":"user-image-paint.png","fileName":"paint.png","name":"paint","publicUrl":"https://assets.nicepagecdn.com/f94d3934/6238112/images/paint.png","size":2725,"hash":"c2oI5JDHN3xrLKmM93yVhP5/yEo=","width":96,"height":96,"folderId":"user-image-folder-32ce46ac-d233-08fb-caaa-4d4b738445bd","thumbnail":{"url":"https://assets.nicepagecdn.com/f94d3934/6238112/images/paint.png","width":96,"height":96},"usages":["904620680"]},{"id":"user-image-gas.png","fileName":"gas.png","name":"gas","publicUrl":"https://assets.nicepagecdn.com/f94d3934/6238112/images/gas.png","size":1601,"hash":"XvXU9UcoCKDjgW4GchpCzUE0M5M=","width":50,"height":50,"folderId":"user-image-folder-32ce46ac-d233-08fb-caaa-4d4b738445bd","thumbnail":{"url":"https://assets.nicepagecdn.com/f94d3934/6238112/images/gas.png","width":50,"height":50},"usages":["904620680"]},{"id":"user-image-AS-gold__1_-removebg-preview.png","fileName":"AS-gold__1_-removebg-preview.png","name":"AS-gold__1_-removebg-preview","publicUrl":"https://assets.nicepagecdn.com/f94d3934/6238112/images/AS-gold__1_-removebg-preview.png","size":140389,"hash":"nPUFVivP4p08a7OZ5aPM3aSdWro=","width":500,"height":500,"folderId":null,"thumbnail":{"url":"https://assets.nicepagecdn.com/f94d3934/6238112/images/thumbnails/AS-gold__1_-removebg-preview.png","width":150,"height":150},"usages":["904620680"]},{"id":"user-image-ab-high-resolution-logo-white-on-transparent-background.png","fileName":"ab-high-resolution-logo-white-on-transparent-background.png","name":"ab-high-resolution-logo-white-on-transparent-background","publicUrl":"https://assets.nicepagecdn.com/f94d3934/6238112/images/ab-high-resolution-logo-white-on-transparent-background.png","size":43684,"hash":"g6x2d4Yqg2sF7f6+suY4oupNJIE=","width":2000,"height":1247,"folderId":null,"thumbnail":{"url":"https://assets.nicepagecdn.com/f94d3934/6238112/images/thumbnails/ab-high-resolution-logo-white-on-transparent-background.png","width":150,"height":94},"usages":["904620680"]},{"id":"user-image-IMG-20240422-WA0013.jpg","fileName":"IMG-20240422-WA0013.jpg","name":"IMG-20240422-WA0013","publicUrl":"https://assets.nicepagecdn.com/f94d3934/6238112/images/IMG-20240422-WA0013.jpg","size":673571,"hash":"3dysnH41y+j6MhBRlkofOsWkJ7o=","width":1512,"height":2016,"folderId":"user-image-folder-76c215b5-56d4-d2cb-34c0-61e42b5d5967","thumbnail":{"url":"https://assets.nicepagecdn.com/f94d3934/6238112/images/thumbnails/IMG-20240422-WA0013.jpg","width":113,"height":150},"usages":[]},{"id":"user-image-IMG-20240422-WA0016.jpg","fileName":"IMG-20240422-WA0016.jpg","name":"IMG-20240422-WA0016","publicUrl":"https://assets.nicepagecdn.com/f94d3934/6238112/images/IMG-20240422-WA0016.jpg","size":366683,"hash":"BVF6zk1YmMEJbDn83I97SqGoPfI=","width":2000,"height":1500,"folderId":"user-image-folder-76c215b5-56d4-d2cb-34c0-61e42b5d5967","thumbnail":{"url":"https://assets.nicepagecdn.com/f94d3934/6238112/images/thumbnails/IMG-20240422-WA0016.jpg","width":150,"height":113},"usages":["904620680"]},{"id":"user-image-IMG-20240422-WA0026.jpg","fileName":"IMG-20240422-WA0026.jpg","name":"IMG-20240422-WA0026","publicUrl":"https://assets.nicepagecdn.com/f94d3934/6238112/images/IMG-20240422-WA0026.jpg","size":441378,"hash":"kv29KwB6E409nWZQYUVzvQy5PDY=","width":2016,"height":1512,"folderId":"user-image-folder-76c215b5-56d4-d2cb-34c0-61e42b5d5967","thumbnail":{"url":"https://assets.nicepagecdn.com/f94d3934/6238112/images/thumbnails/IMG-20240422-WA0026.jpg","width":150,"height":113},"usages":[]},{"id":"user-image-IMG-20240422-WA0018.jpg","fileName":"IMG-20240422-WA0018.jpg","name":"IMG-20240422-WA0018","publicUrl":"https://assets.nicepagecdn.com/f94d3934/6238112/images/IMG-20240422-WA0018.jpg","size":681382,"hash":"ht001FZxv1YIbPvNDRRzUXZ0a9A=","width":2000,"height":1500,"folderId":"user-image-folder-76c215b5-56d4-d2cb-34c0-61e42b5d5967","thumbnail":{"url":"https://assets.nicepagecdn.com/f94d3934/6238112/images/thumbnails/IMG-20240422-WA0018.jpg","width":150,"height":113},"usages":[]},{"id":"user-image-IMG-20240422-WA0010.jpg","fileName":"IMG-20240422-WA0010.jpg","name":"IMG-20240422-WA0010","publicUrl":"https://assets.nicepagecdn.com/f94d3934/6238112/images/IMG-20240422-WA0010.jpg","size":318725,"hash":"am2ZYxXYyItjgAQI0L6d5NX9M0k=","width":1512,"height":2016,"folderId":"user-image-folder-76c215b5-56d4-d2cb-34c0-61e42b5d5967","thumbnail":{"url":"https://assets.nicepagecdn.com/f94d3934/6238112/images/thumbnails/IMG-20240422-WA0010.jpg","width":113,"height":150},"usages":["904620680"]},{"id":"user-image-IMG-20240422-WA0023.jpg","fileName":"IMG-20240422-WA0023.jpg","name":"IMG-20240422-WA0023","publicUrl":"https://assets.nicepagecdn.com/f94d3934/6238112/images/IMG-20240422-WA0023.jpg","size":269470,"hash":"FbXD5T3Ls+z/3VW31uRvHQg6Dr8=","width":1512,"height":2016,"folderId":"user-image-folder-76c215b5-56d4-d2cb-34c0-61e42b5d5967","thumbnail":{"url":"https://assets.nicepagecdn.com/f94d3934/6238112/images/thumbnails/IMG-20240422-WA0023.jpg","width":113,"height":150},"usages":[]},{"id":"user-image-IMG-20240422-WA0017.jpg","fileName":"IMG-20240422-WA0017.jpg","name":"IMG-20240422-WA0017","publicUrl":"https://assets.nicepagecdn.com/f94d3934/6238112/images/IMG-20240422-WA0017.jpg","size":651258,"hash":"vMZOHhzWYASBxf1bpye5s+4lW2E=","width":1512,"height":2016,"folderId":"user-image-folder-76c215b5-56d4-d2cb-34c0-61e42b5d5967","thumbnail":{"url":"https://assets.nicepagecdn.com/f94d3934/6238112/images/thumbnails/IMG-20240422-WA0017.jpg","width":113,"height":150},"usages":[]},{"id":"user-image-IMG-20240422-WA0036.jpg","fileName":"IMG-20240422-WA0036.jpg","name":"IMG-20240422-WA0036","publicUrl":"https://assets.nicepagecdn.com/f94d3934/6238112/images/IMG-20240422-WA0036.jpg","size":512776,"hash":"5YInpFmId1csW2j2W/cMgdjUfh8=","width":1512,"height":2016,"folderId":"user-image-folder-76c215b5-56d4-d2cb-34c0-61e42b5d5967","thumbnail":{"url":"https://assets.nicepagecdn.com/f94d3934/6238112/images/thumbnails/IMG-20240422-WA0036.jpg","width":113,"height":150},"usages":[]},{"id":"user-image-IMG-20240422-WA0033.jpg","fileName":"IMG-20240422-WA0033.jpg","name":"IMG-20240422-WA0033","publicUrl":"https://assets.nicepagecdn.com/f94d3934/6238112/images/IMG-20240422-WA0033.jpg","size":453322,"hash":"PUYDfgJc9DqCOyZpC7m8kdy5Nfs=","width":2000,"height":1500,"folderId":"user-image-folder-76c215b5-56d4-d2cb-34c0-61e42b5d5967","thumbnail":{"url":"https://assets.nicepagecdn.com/f94d3934/6238112/images/thumbnails/IMG-20240422-WA0033.jpg","width":150,"height":113},"usages":[]},{"id":"user-image-IMG-20240422-WA0014.jpg","fileName":"IMG-20240422-WA0014.jpg","name":"IMG-20240422-WA0014","publicUrl":"https://assets.nicepagecdn.com/f94d3934/6238112/images/IMG-20240422-WA0014.jpg","size":424451,"hash":"CZ2SGLxdV8PsC2XyfnYC5AteCCs=","width":2016,"height":1512,"folderId":"user-image-folder-76c215b5-56d4-d2cb-34c0-61e42b5d5967","thumbnail":{"url":"https://assets.nicepagecdn.com/f94d3934/6238112/images/thumbnails/IMG-20240422-WA0014.jpg","width":150,"height":113},"usages":["904620680"]},{"id":"user-image-IMG-20240422-WA0020.jpg","fileName":"IMG-20240422-WA0020.jpg","name":"IMG-20240422-WA0020","publicUrl":"https://assets.nicepagecdn.com/f94d3934/6238112/images/IMG-20240422-WA0020.jpg","size":679347,"hash":"aEHQQqVAx/KKmNZADwys66YUDVo=","width":1512,"height":2016,"folderId":"user-image-folder-76c215b5-56d4-d2cb-34c0-61e42b5d5967","thumbnail":{"url":"https://assets.nicepagecdn.com/f94d3934/6238112/images/thumbnails/IMG-20240422-WA0020.jpg","width":113,"height":150},"usages":["904620680"]},{"id":"user-image-IMG-20240422-WA0028.jpg","fileName":"IMG-20240422-WA0028.jpg","name":"IMG-20240422-WA0028","publicUrl":"https://assets.nicepagecdn.com/f94d3934/6238112/images/IMG-20240422-WA0028.jpg","size":467292,"hash":"/tf+2+ktpuqLOr3yGKv1DflPvM0=","width":2000,"height":1500,"folderId":"user-image-folder-76c215b5-56d4-d2cb-34c0-61e42b5d5967","thumbnail":{"url":"https://assets.nicepagecdn.com/f94d3934/6238112/images/thumbnails/IMG-20240422-WA0028.jpg","width":150,"height":113},"usages":[]},{"id":"user-image-IMG-20240422-WA0043.jpg","fileName":"IMG-20240422-WA0043.jpg","name":"IMG-20240422-WA0043","publicUrl":"https://assets.nicepagecdn.com/f94d3934/6238112/images/IMG-20240422-WA0043.jpg","size":353742,"hash":"0rZgG5UE28rDBRJHzwqyCfD8MYg=","width":1512,"height":2016,"folderId":"user-image-folder-76c215b5-56d4-d2cb-34c0-61e42b5d5967","thumbnail":{"url":"https://assets.nicepagecdn.com/f94d3934/6238112/images/thumbnails/IMG-20240422-WA0043.jpg","width":113,"height":150},"usages":[]},{"id":"user-image-IMG-20240422-WA0034.jpg","fileName":"IMG-20240422-WA0034.jpg","name":"IMG-20240422-WA0034","publicUrl":"https://assets.nicepagecdn.com/f94d3934/6238112/images/IMG-20240422-WA0034.jpg","size":481153,"hash":"+k0pn23jKT5AjJ0cbWI8zOJx/dI=","width":2000,"height":1500,"folderId":"user-image-folder-76c215b5-56d4-d2cb-34c0-61e42b5d5967","thumbnail":{"url":"https://assets.nicepagecdn.com/f94d3934/6238112/images/thumbnails/IMG-20240422-WA0034.jpg","width":150,"height":113},"usages":[]},{"id":"user-image-IMG-20240422-WA0022.jpg","fileName":"IMG-20240422-WA0022.jpg","name":"IMG-20240422-WA0022","publicUrl":"https://assets.nicepagecdn.com/f94d3934/6238112/images/IMG-20240422-WA0022.jpg","size":682431,"hash":"nTuewGQFnaRTMBr4aEaJFp8q3mg=","width":2016,"height":1512,"folderId":"user-image-folder-76c215b5-56d4-d2cb-34c0-61e42b5d5967","thumbnail":{"url":"https://assets.nicepagecdn.com/f94d3934/6238112/images/thumbnails/IMG-20240422-WA0022.jpg","width":150,"height":113},"usages":[]},{"id":"user-image-IMG-20240422-WA0030.jpg","fileName":"IMG-20240422-WA0030.jpg","name":"IMG-20240422-WA0030","publicUrl":"https://assets.nicepagecdn.com/f94d3934/6238112/images/IMG-20240422-WA0030.jpg","size":373000,"hash":"R3+6mJEqe1SljpbnkjBz1ISXao0=","width":2000,"height":1500,"folderId":"user-image-folder-76c215b5-56d4-d2cb-34c0-61e42b5d5967","thumbnail":{"url":"https://assets.nicepagecdn.com/f94d3934/6238112/images/thumbnails/IMG-20240422-WA0030.jpg","width":150,"height":113},"usages":[]},{"id":"user-image-IMG-20240422-WA0009.jpg","fileName":"IMG-20240422-WA0009.jpg","name":"IMG-20240422-WA0009","publicUrl":"https://assets.nicepagecdn.com/f94d3934/6238112/images/IMG-20240422-WA0009.jpg","size":354650,"hash":"8dv+c04jLORd3gtVSwML/S88ZBg=","width":2016,"height":1512,"folderId":"user-image-folder-76c215b5-56d4-d2cb-34c0-61e42b5d5967","thumbnail":{"url":"https://assets.nicepagecdn.com/f94d3934/6238112/images/thumbnails/IMG-20240422-WA0009.jpg","width":150,"height":113},"usages":[]},{"id":"user-image-IMG-20240422-WA0031.jpg","fileName":"IMG-20240422-WA0031.jpg","name":"IMG-20240422-WA0031","publicUrl":"https://assets.nicepagecdn.com/f94d3934/6238112/images/IMG-20240422-WA0031.jpg","size":504286,"hash":"YigaJ7gPXyt920YPSWFoFuLIy7k=","width":2000,"height":1500,"folderId":"user-image-folder-76c215b5-56d4-d2cb-34c0-61e42b5d5967","thumbnail":{"url":"https://assets.nicepagecdn.com/f94d3934/6238112/images/thumbnails/IMG-20240422-WA0031.jpg","width":150,"height":113},"usages":[]},{"id":"user-image-IMG-20240422-WA0021.jpg","fileName":"IMG-20240422-WA0021.jpg","name":"IMG-20240422-WA0021","publicUrl":"https://assets.nicepagecdn.com/f94d3934/6238112/images/IMG-20240422-WA0021.jpg","size":268181,"hash":"K5Dl4+8zKVP0ZPRnN7P5I+T4KGs=","width":2016,"height":1512,"folderId":"user-image-folder-76c215b5-56d4-d2cb-34c0-61e42b5d5967","thumbnail":{"url":"https://assets.nicepagecdn.com/f94d3934/6238112/images/thumbnails/IMG-20240422-WA0021.jpg","width":150,"height":113},"usages":[]},{"id":"user-image-IMG-20240422-WA0032.jpg","fileName":"IMG-20240422-WA0032.jpg","name":"IMG-20240422-WA0032","publicUrl":"https://assets.nicepagecdn.com/f94d3934/6238112/images/IMG-20240422-WA0032.jpg","size":580101,"hash":"j+YV4MHcblVu1mRYgQ35hzdNlt8=","width":2000,"height":1500,"folderId":"user-image-folder-76c215b5-56d4-d2cb-34c0-61e42b5d5967","thumbnail":{"url":"https://assets.nicepagecdn.com/f94d3934/6238112/images/thumbnails/IMG-20240422-WA0032.jpg","width":150,"height":113},"usages":[]},{"id":"user-image-IMG-20240422-WA0029.jpg","fileName":"IMG-20240422-WA0029.jpg","name":"IMG-20240422-WA0029","publicUrl":"https://assets.nicepagecdn.com/f94d3934/6238112/images/IMG-20240422-WA0029.jpg","size":613510,"hash":"jy62/D2Kj6LTKZjmiMeMoylonE0=","width":1500,"height":2000,"folderId":"user-image-folder-76c215b5-56d4-d2cb-34c0-61e42b5d5967","thumbnail":{"url":"https://assets.nicepagecdn.com/f94d3934/6238112/images/thumbnails/IMG-20240422-WA0029.jpg","width":113,"height":150},"usages":[]},{"id":"user-image-IMG-20240422-WA0041.jpg","fileName":"IMG-20240422-WA0041.jpg","name":"IMG-20240422-WA0041","publicUrl":"https://assets.nicepagecdn.com/f94d3934/6238112/images/IMG-20240422-WA0041.jpg","size":574162,"hash":"smGmiQAC/MkTSHc8ZG/6Roobf/I=","width":2016,"height":1512,"folderId":"user-image-folder-76c215b5-56d4-d2cb-34c0-61e42b5d5967","thumbnail":{"url":"https://assets.nicepagecdn.com/f94d3934/6238112/images/thumbnails/IMG-20240422-WA0041.jpg","width":150,"height":113},"usages":[]},{"id":"user-image-IMG-20240422-WA0042.jpg","fileName":"IMG-20240422-WA0042.jpg","name":"IMG-20240422-WA0042","publicUrl":"https://assets.nicepagecdn.com/f94d3934/6238112/images/IMG-20240422-WA0042.jpg","size":325602,"hash":"jn6to6g8k+CWugj6uJObNvB3LbQ=","width":1512,"height":2016,"folderId":"user-image-folder-76c215b5-56d4-d2cb-34c0-61e42b5d5967","thumbnail":{"url":"https://assets.nicepagecdn.com/f94d3934/6238112/images/thumbnails/IMG-20240422-WA0042.jpg","width":113,"height":150},"usages":[]},{"id":"user-image-IMG-20240422-WA0052.jpg","fileName":"IMG-20240422-WA0052.jpg","name":"IMG-20240422-WA0052","publicUrl":"https://assets.nicepagecdn.com/f94d3934/6238112/images/IMG-20240422-WA0052.jpg","size":423673,"hash":"DQkc3VEXiXoVs5zVLilE1DINMfY=","width":1512,"height":2016,"folderId":"user-image-folder-76c215b5-56d4-d2cb-34c0-61e42b5d5967","thumbnail":{"url":"https://assets.nicepagecdn.com/f94d3934/6238112/images/thumbnails/IMG-20240422-WA0052.jpg","width":113,"height":150},"usages":[]},{"id":"user-image-IMG-20240422-WA0038.jpg","fileName":"IMG-20240422-WA0038.jpg","name":"IMG-20240422-WA0038","publicUrl":"https://assets.nicepagecdn.com/f94d3934/6238112/images/IMG-20240422-WA0038.jpg","size":554146,"hash":"4iZdcZKLAQON4GI2nq24udmfmIM=","width":1512,"height":2016,"folderId":"user-image-folder-76c215b5-56d4-d2cb-34c0-61e42b5d5967","thumbnail":{"url":"https://assets.nicepagecdn.com/f94d3934/6238112/images/thumbnails/IMG-20240422-WA0038.jpg","width":113,"height":150},"usages":[]},{"id":"user-image-IMG-20240422-WA0039.jpg","fileName":"IMG-20240422-WA0039.jpg","name":"IMG-20240422-WA0039","publicUrl":"https://assets.nicepagecdn.com/f94d3934/6238112/images/IMG-20240422-WA0039.jpg","size":421112,"hash":"4suhVsqTqdfD+7YqQX/PB9zAeQ4=","width":2016,"height":1512,"folderId":"user-image-folder-76c215b5-56d4-d2cb-34c0-61e42b5d5967","thumbnail":{"url":"https://assets.nicepagecdn.com/f94d3934/6238112/images/thumbnails/IMG-20240422-WA0039.jpg","width":150,"height":113},"usages":[]},{"id":"user-image-IMG-20240422-WA0015.jpg","fileName":"IMG-20240422-WA0015.jpg","name":"IMG-20240422-WA0015","publicUrl":"https://assets.nicepagecdn.com/f94d3934/6238112/images/IMG-20240422-WA0015.jpg","size":416036,"hash":"BfEpfWX+Zx7vtdyQmX8GBZ2BQWE=","width":1512,"height":2016,"folderId":"user-image-folder-76c215b5-56d4-d2cb-34c0-61e42b5d5967","thumbnail":{"url":"https://assets.nicepagecdn.com/f94d3934/6238112/images/thumbnails/IMG-20240422-WA0015.jpg","width":113,"height":150},"usages":[]},{"id":"user-image-IMG-20240422-WA0027.jpg","fileName":"IMG-20240422-WA0027.jpg","name":"IMG-20240422-WA0027","publicUrl":"https://assets.nicepagecdn.com/f94d3934/6238112/images/IMG-20240422-WA0027.jpg","size":506677,"hash":"R8StHhzCBigme6+G6HVD0PJTw5g=","width":1512,"height":2016,"folderId":"user-image-folder-76c215b5-56d4-d2cb-34c0-61e42b5d5967","thumbnail":{"url":"https://assets.nicepagecdn.com/f94d3934/6238112/images/thumbnails/IMG-20240422-WA0027.jpg","width":113,"height":150},"usages":[]},{"id":"user-image-IMG-20240422-WA0040.jpg","fileName":"IMG-20240422-WA0040.jpg","name":"IMG-20240422-WA0040","publicUrl":"https://assets.nicepagecdn.com/f94d3934/6238112/images/IMG-20240422-WA0040.jpg","size":538880,"hash":"HWUPY0Vstq+yv0K3tQxUh9vI9FA=","width":2016,"height":1512,"folderId":"user-image-folder-76c215b5-56d4-d2cb-34c0-61e42b5d5967","thumbnail":{"url":"https://assets.nicepagecdn.com/f94d3934/6238112/images/thumbnails/IMG-20240422-WA0040.jpg","width":150,"height":113},"usages":[]},{"id":"user-image-IMG-20240422-WA0053.jpg","fileName":"IMG-20240422-WA0053.jpg","name":"IMG-20240422-WA0053","publicUrl":"https://assets.nicepagecdn.com/f94d3934/6238112/images/IMG-20240422-WA0053.jpg","size":332619,"hash":"JWDgTRc/nHfd+demNWwgiMOsdew=","width":1512,"height":2016,"folderId":"user-image-folder-76c215b5-56d4-d2cb-34c0-61e42b5d5967","thumbnail":{"url":"https://assets.nicepagecdn.com/f94d3934/6238112/images/thumbnails/IMG-20240422-WA0053.jpg","width":113,"height":150},"usages":[]},{"id":"user-image-IMG-20240422-WA0044.jpg","fileName":"IMG-20240422-WA0044.jpg","name":"IMG-20240422-WA0044","publicUrl":"https://assets.nicepagecdn.com/f94d3934/6238112/images/IMG-20240422-WA0044.jpg","size":296774,"hash":"qdOh706ArpADu0SsAhKlSGuZ4ag=","width":2000,"height":1500,"folderId":"user-image-folder-76c215b5-56d4-d2cb-34c0-61e42b5d5967","thumbnail":{"url":"https://assets.nicepagecdn.com/f94d3934/6238112/images/thumbnails/IMG-20240422-WA0044.jpg","width":150,"height":113},"usages":["19508650"]},{"id":"user-image-IMG-20240422-WA0056.jpg","fileName":"IMG-20240422-WA0056.jpg","name":"IMG-20240422-WA0056","publicUrl":"https://assets.nicepagecdn.com/f94d3934/6238112/images/IMG-20240422-WA0056.jpg","size":702378,"hash":"gX3VgudELKKLso0wWg8MG/cFfjs=","width":1500,"height":2000,"folderId":"user-image-folder-76c215b5-56d4-d2cb-34c0-61e42b5d5967","thumbnail":{"url":"https://assets.nicepagecdn.com/f94d3934/6238112/images/thumbnails/IMG-20240422-WA0056.jpg","width":113,"height":150},"usages":[]},{"id":"user-image-IMG-20240422-WA0062.jpg","fileName":"IMG-20240422-WA0062.jpg","name":"IMG-20240422-WA0062","publicUrl":"https://assets.nicepagecdn.com/f94d3934/6238112/images/IMG-20240422-WA0062.jpg","size":727583,"hash":"2jg1ZPpXegzPGjHlQm1E0gfrSgw=","width":1500,"height":2000,"folderId":"user-image-folder-76c215b5-56d4-d2cb-34c0-61e42b5d5967","thumbnail":{"url":"https://assets.nicepagecdn.com/f94d3934/6238112/images/thumbnails/IMG-20240422-WA0062.jpg","width":113,"height":150},"usages":["904620680"]},{"id":"user-image-IMG-20240422-WA0049.jpg","fileName":"IMG-20240422-WA0049.jpg","name":"IMG-20240422-WA0049","publicUrl":"https://assets.nicepagecdn.com/f94d3934/6238112/images/IMG-20240422-WA0049.jpg","size":776321,"hash":"lvRk5mNV1ExJLYlqfiX3lBFS5YQ=","width":1512,"height":2016,"folderId":"user-image-folder-76c215b5-56d4-d2cb-34c0-61e42b5d5967","thumbnail":{"url":"https://assets.nicepagecdn.com/f94d3934/6238112/images/thumbnails/IMG-20240422-WA0049.jpg","width":113,"height":150},"usages":[]},{"id":"user-image-IMG-20240422-WA0025.jpg","fileName":"IMG-20240422-WA0025.jpg","name":"IMG-20240422-WA0025","publicUrl":"https://assets.nicepagecdn.com/f94d3934/6238112/images/IMG-20240422-WA0025.jpg","size":363753,"hash":"XCXQ4csN4DTkyt+HsNqLCXDmmbw=","width":2000,"height":1500,"folderId":"user-image-folder-76c215b5-56d4-d2cb-34c0-61e42b5d5967","thumbnail":{"url":"https://assets.nicepagecdn.com/f94d3934/6238112/images/thumbnails/IMG-20240422-WA0025.jpg","width":150,"height":113},"usages":[]},{"id":"user-image-IMG-20240422-WA0051.jpg","fileName":"IMG-20240422-WA0051.jpg","name":"IMG-20240422-WA0051","publicUrl":"https://assets.nicepagecdn.com/f94d3934/6238112/images/IMG-20240422-WA0051.jpg","size":805931,"hash":"tbUG3oXwSMAj+otOmtpeP3j02sU=","width":1512,"height":2016,"folderId":"user-image-folder-76c215b5-56d4-d2cb-34c0-61e42b5d5967","thumbnail":{"url":"https://assets.nicepagecdn.com/f94d3934/6238112/images/thumbnails/IMG-20240422-WA0051.jpg","width":113,"height":150},"usages":[]},{"id":"user-image-IMG-20240422-WA0054.jpg","fileName":"IMG-20240422-WA0054.jpg","name":"IMG-20240422-WA0054","publicUrl":"https://assets.nicepagecdn.com/f94d3934/6238112/images/IMG-20240422-WA0054.jpg","size":310385,"hash":"5nwhfj1PdU3f+oyjRA2uNEvxTww=","width":1512,"height":2016,"folderId":"user-image-folder-76c215b5-56d4-d2cb-34c0-61e42b5d5967","thumbnail":{"url":"https://assets.nicepagecdn.com/f94d3934/6238112/images/thumbnails/IMG-20240422-WA0054.jpg","width":113,"height":150},"usages":[]},{"id":"user-image-IMG-20240422-WA0063.jpg","fileName":"IMG-20240422-WA0063.jpg","name":"IMG-20240422-WA0063","publicUrl":"https://assets.nicepagecdn.com/f94d3934/6238112/images/IMG-20240422-WA0063.jpg","size":611800,"hash":"aDBmlHZFsr/3plkEWy8L8GG78gE=","width":1512,"height":2016,"folderId":"user-image-folder-76c215b5-56d4-d2cb-34c0-61e42b5d5967","thumbnail":{"url":"https://assets.nicepagecdn.com/f94d3934/6238112/images/thumbnails/IMG-20240422-WA0063.jpg","width":113,"height":150},"usages":[]},{"id":"user-image-IMG-20240422-WA0037.jpg","fileName":"IMG-20240422-WA0037.jpg","name":"IMG-20240422-WA0037","publicUrl":"https://assets.nicepagecdn.com/f94d3934/6238112/images/IMG-20240422-WA0037.jpg","size":439358,"hash":"xs5ZbZ/N6SFU4o/5B7CZnv0YCdg=","width":2016,"height":1512,"folderId":"user-image-folder-76c215b5-56d4-d2cb-34c0-61e42b5d5967","thumbnail":{"url":"https://assets.nicepagecdn.com/f94d3934/6238112/images/thumbnails/IMG-20240422-WA0037.jpg","width":150,"height":113},"usages":[]},{"id":"user-image-IMG-20240422-WA0050.jpg","fileName":"IMG-20240422-WA0050.jpg","name":"IMG-20240422-WA0050","publicUrl":"https://assets.nicepagecdn.com/f94d3934/6238112/images/IMG-20240422-WA0050.jpg","size":734885,"hash":"R/1MEz4/ado8c1RecbN/RN4zKLY=","width":1512,"height":2016,"folderId":"user-image-folder-76c215b5-56d4-d2cb-34c0-61e42b5d5967","thumbnail":{"url":"https://assets.nicepagecdn.com/f94d3934/6238112/images/thumbnails/IMG-20240422-WA0050.jpg","width":113,"height":150},"usages":[]},{"id":"user-image-IMG-20240422-WA0035.jpg","fileName":"IMG-20240422-WA0035.jpg","name":"IMG-20240422-WA0035","publicUrl":"https://assets.nicepagecdn.com/f94d3934/6238112/images/IMG-20240422-WA0035.jpg","size":473478,"hash":"ZDmOQdCbaCJmpVv9UqqprN2NY9A=","width":2000,"height":1500,"folderId":"user-image-folder-76c215b5-56d4-d2cb-34c0-61e42b5d5967","thumbnail":{"url":"https://assets.nicepagecdn.com/f94d3934/6238112/images/thumbnails/IMG-20240422-WA0035.jpg","width":150,"height":113},"usages":["19508650"]},{"id":"user-image-IMG-20240422-WA0064.jpg","fileName":"IMG-20240422-WA0064.jpg","name":"IMG-20240422-WA0064","publicUrl":"https://assets.nicepagecdn.com/f94d3934/6238112/images/IMG-20240422-WA0064.jpg","size":807840,"hash":"nUwRaP6UMKmeiZ9F92w7mquWPuk=","width":1512,"height":2016,"folderId":"user-image-folder-76c215b5-56d4-d2cb-34c0-61e42b5d5967","thumbnail":{"url":"https://assets.nicepagecdn.com/f94d3934/6238112/images/thumbnails/IMG-20240422-WA0064.jpg","width":113,"height":150},"usages":[]},{"id":"user-image-IMG-20240422-WA0058.jpg","fileName":"IMG-20240422-WA0058.jpg","name":"IMG-20240422-WA0058","publicUrl":"https://assets.nicepagecdn.com/f94d3934/6238112/images/IMG-20240422-WA0058.jpg","size":588125,"hash":"OyaIpJ414z4l/iBX4bXHUwJYxIM=","width":1500,"height":2000,"folderId":"user-image-folder-76c215b5-56d4-d2cb-34c0-61e42b5d5967","thumbnail":{"url":"https://assets.nicepagecdn.com/f94d3934/6238112/images/thumbnails/IMG-20240422-WA0058.jpg","width":113,"height":150},"usages":[]},{"id":"user-image-IMG-20240422-WA0070.jpg","fileName":"IMG-20240422-WA0070.jpg","name":"IMG-20240422-WA0070","publicUrl":"https://assets.nicepagecdn.com/f94d3934/6238112/images/IMG-20240422-WA0070.jpg","size":462133,"hash":"FRgYgc5zQqBma+VekyjhmzNRCjc=","width":1500,"height":2000,"folderId":"user-image-folder-76c215b5-56d4-d2cb-34c0-61e42b5d5967","thumbnail":{"url":"https://assets.nicepagecdn.com/f94d3934/6238112/images/thumbnails/IMG-20240422-WA0070.jpg","width":113,"height":150},"usages":[]},{"id":"user-image-IMG-20240422-WA0059.jpg","fileName":"IMG-20240422-WA0059.jpg","name":"IMG-20240422-WA0059","publicUrl":"https://assets.nicepagecdn.com/f94d3934/6238112/images/IMG-20240422-WA0059.jpg","size":570402,"hash":"WcA9szjIiccVVu/EngFFafVmuf0=","width":1512,"height":2016,"folderId":"user-image-folder-76c215b5-56d4-d2cb-34c0-61e42b5d5967","thumbnail":{"url":"https://assets.nicepagecdn.com/f94d3934/6238112/images/thumbnails/IMG-20240422-WA0059.jpg","width":113,"height":150},"usages":[]},{"id":"user-image-IMG-20240422-WA0061.jpg","fileName":"IMG-20240422-WA0061.jpg","name":"IMG-20240422-WA0061","publicUrl":"https://assets.nicepagecdn.com/f94d3934/6238112/images/IMG-20240422-WA0061.jpg","size":704218,"hash":"bH8zPxpBFG1yvIrDmOCYMK0WF94=","width":1500,"height":2000,"folderId":"user-image-folder-76c215b5-56d4-d2cb-34c0-61e42b5d5967","thumbnail":{"url":"https://assets.nicepagecdn.com/f94d3934/6238112/images/thumbnails/IMG-20240422-WA0061.jpg","width":113,"height":150},"usages":[]},{"id":"user-image-IMG-20240422-WA0047.jpg","fileName":"IMG-20240422-WA0047.jpg","name":"IMG-20240422-WA0047","publicUrl":"https://assets.nicepagecdn.com/f94d3934/6238112/images/IMG-20240422-WA0047.jpg","size":634040,"hash":"IvnhSb+6NArmKHDErbWIFWZE7eU=","width":1512,"height":2016,"folderId":"user-image-folder-76c215b5-56d4-d2cb-34c0-61e42b5d5967","thumbnail":{"url":"https://assets.nicepagecdn.com/f94d3934/6238112/images/thumbnails/IMG-20240422-WA0047.jpg","width":113,"height":150},"usages":[]},{"id":"user-image-IMG-20240422-WA0060.jpg","fileName":"IMG-20240422-WA0060.jpg","name":"IMG-20240422-WA0060","publicUrl":"https://assets.nicepagecdn.com/f94d3934/6238112/images/IMG-20240422-WA0060.jpg","size":624129,"hash":"a9sK5gTJuCNQhFOskXOnbSVjhMY=","width":1512,"height":2016,"folderId":"user-image-folder-76c215b5-56d4-d2cb-34c0-61e42b5d5967","thumbnail":{"url":"https://assets.nicepagecdn.com/f94d3934/6238112/images/thumbnails/IMG-20240422-WA0060.jpg","width":113,"height":150},"usages":[]},{"id":"user-image-IMG-20240422-WA0045.jpg","fileName":"IMG-20240422-WA0045.jpg","name":"IMG-20240422-WA0045","publicUrl":"https://assets.nicepagecdn.com/f94d3934/6238112/images/IMG-20240422-WA0045.jpg","size":314048,"hash":"3O3J7qanIP6Lc934jgyPbGsFW1Q=","width":2000,"height":1500,"folderId":"user-image-folder-76c215b5-56d4-d2cb-34c0-61e42b5d5967","thumbnail":{"url":"https://assets.nicepagecdn.com/f94d3934/6238112/images/thumbnails/IMG-20240422-WA0045.jpg","width":150,"height":113},"usages":[]},{"id":"user-image-IMG-20240422-WA0068.jpg","fileName":"IMG-20240422-WA0068.jpg","name":"IMG-20240422-WA0068","publicUrl":"https://assets.nicepagecdn.com/f94d3934/6238112/images/IMG-20240422-WA0068.jpg","size":585572,"hash":"HJ+ldVGRHRty6ZoBKhQIDzW5YUA=","width":2000,"height":1500,"folderId":"user-image-folder-76c215b5-56d4-d2cb-34c0-61e42b5d5967","thumbnail":{"url":"https://assets.nicepagecdn.com/f94d3934/6238112/images/thumbnails/IMG-20240422-WA0068.jpg","width":150,"height":113},"usages":[]},{"id":"user-image-IMG-20240422-WA0055.jpg","fileName":"IMG-20240422-WA0055.jpg","name":"IMG-20240422-WA0055","publicUrl":"https://assets.nicepagecdn.com/f94d3934/6238112/images/IMG-20240422-WA0055.jpg","size":303019,"hash":"86ioNuXIvmz7rM1Ng95ph/CPg1E=","width":1512,"height":2016,"folderId":"user-image-folder-76c215b5-56d4-d2cb-34c0-61e42b5d5967","thumbnail":{"url":"https://assets.nicepagecdn.com/f94d3934/6238112/images/thumbnails/IMG-20240422-WA0055.jpg","width":113,"height":150},"usages":[]},{"id":"user-image-IMG-20240422-WA0069.jpg","fileName":"IMG-20240422-WA0069.jpg","name":"IMG-20240422-WA0069","publicUrl":"https://assets.nicepagecdn.com/f94d3934/6238112/images/IMG-20240422-WA0069.jpg","size":659306,"hash":"wt3XgotL636GRHvtsQr4Ij6PlVo=","width":2000,"height":1500,"folderId":"user-image-folder-76c215b5-56d4-d2cb-34c0-61e42b5d5967","thumbnail":{"url":"https://assets.nicepagecdn.com/f94d3934/6238112/images/thumbnails/IMG-20240422-WA0069.jpg","width":150,"height":113},"usages":[]},{"id":"user-image-IMG-20240422-WA0057.jpg","fileName":"IMG-20240422-WA0057.jpg","name":"IMG-20240422-WA0057","publicUrl":"https://assets.nicepagecdn.com/f94d3934/6238112/images/IMG-20240422-WA0057.jpg","size":719821,"hash":"lW2KSLk5+xusNIx7g3aTygC5J7Y=","width":1500,"height":2000,"folderId":"user-image-folder-76c215b5-56d4-d2cb-34c0-61e42b5d5967","thumbnail":{"url":"https://assets.nicepagecdn.com/f94d3934/6238112/images/thumbnails/IMG-20240422-WA0057.jpg","width":113,"height":150},"usages":[]},{"id":"user-image-IMG-20240422-WA0074.jpg","fileName":"IMG-20240422-WA0074.jpg","name":"IMG-20240422-WA0074","publicUrl":"https://assets.nicepagecdn.com/f94d3934/6238112/images/IMG-20240422-WA0074.jpg","size":533716,"hash":"jPiEN1CEvmfl1qBRTIo3QsyJeB8=","width":1500,"height":2000,"folderId":"user-image-folder-76c215b5-56d4-d2cb-34c0-61e42b5d5967","thumbnail":{"url":"https://assets.nicepagecdn.com/f94d3934/6238112/images/thumbnails/IMG-20240422-WA0074.jpg","width":113,"height":150},"usages":[]},{"id":"user-image-IMG-20240422-WA0066.jpg","fileName":"IMG-20240422-WA0066.jpg","name":"IMG-20240422-WA0066","publicUrl":"https://assets.nicepagecdn.com/f94d3934/6238112/images/IMG-20240422-WA0066.jpg","size":705875,"hash":"YnHSv851aeNtaUE33Y6TRgsM+yU=","width":1500,"height":2000,"folderId":"user-image-folder-76c215b5-56d4-d2cb-34c0-61e42b5d5967","thumbnail":{"url":"https://assets.nicepagecdn.com/f94d3934/6238112/images/thumbnails/IMG-20240422-WA0066.jpg","width":113,"height":150},"usages":[]},{"id":"user-image-IMG-20240422-WA0071.jpg","fileName":"IMG-20240422-WA0071.jpg","name":"IMG-20240422-WA0071","publicUrl":"https://assets.nicepagecdn.com/f94d3934/6238112/images/IMG-20240422-WA0071.jpg","size":695025,"hash":"EmJ1jss10aLHV/SLtnlfPwlEEYE=","width":2000,"height":1500,"folderId":"user-image-folder-76c215b5-56d4-d2cb-34c0-61e42b5d5967","thumbnail":{"url":"https://assets.nicepagecdn.com/f94d3934/6238112/images/thumbnails/IMG-20240422-WA0071.jpg","width":150,"height":113},"usages":[]},{"id":"user-image-IMG-20240422-WA0072.jpg","fileName":"IMG-20240422-WA0072.jpg","name":"IMG-20240422-WA0072","publicUrl":"https://assets.nicepagecdn.com/f94d3934/6238112/images/IMG-20240422-WA0072.jpg","size":507752,"hash":"ieLBZR2gDSS6CnZkn8DZ8Pz/bHc=","width":1500,"height":2000,"folderId":"user-image-folder-76c215b5-56d4-d2cb-34c0-61e42b5d5967","thumbnail":{"url":"https://assets.nicepagecdn.com/f94d3934/6238112/images/thumbnails/IMG-20240422-WA0072.jpg","width":113,"height":150},"usages":[]},{"id":"user-image-IMG-20240422-WA0073.jpg","fileName":"IMG-20240422-WA0073.jpg","name":"IMG-20240422-WA0073","publicUrl":"https://assets.nicepagecdn.com/f94d3934/6238112/images/IMG-20240422-WA0073.jpg","size":557112,"hash":"dnpSXP+faeZKsno6ytpEx6eU7+c=","width":1500,"height":2000,"folderId":"user-image-folder-76c215b5-56d4-d2cb-34c0-61e42b5d5967","thumbnail":{"url":"https://assets.nicepagecdn.com/f94d3934/6238112/images/thumbnails/IMG-20240422-WA0073.jpg","width":113,"height":150},"usages":[]},{"id":"user-image-IMG-20240422-WA0080.jpg","fileName":"IMG-20240422-WA0080.jpg","name":"IMG-20240422-WA0080","publicUrl":"https://assets.nicepagecdn.com/f94d3934/6238112/images/IMG-20240422-WA0080.jpg","size":703002,"hash":"1XHgDs6W7kyuPjXpTnhxED4Zvtw=","width":1500,"height":2000,"folderId":"user-image-folder-76c215b5-56d4-d2cb-34c0-61e42b5d5967","thumbnail":{"url":"https://assets.nicepagecdn.com/f94d3934/6238112/images/thumbnails/IMG-20240422-WA0080.jpg","width":113,"height":150},"usages":[]},{"id":"user-image-IMG-20240422-WA0078.jpg","fileName":"IMG-20240422-WA0078.jpg","name":"IMG-20240422-WA0078","publicUrl":"https://assets.nicepagecdn.com/f94d3934/6238112/images/IMG-20240422-WA0078.jpg","size":587351,"hash":"dU+k1VNinlocIET409BhuJR9WDE=","width":1500,"height":2000,"folderId":"user-image-folder-76c215b5-56d4-d2cb-34c0-61e42b5d5967","thumbnail":{"url":"https://assets.nicepagecdn.com/f94d3934/6238112/images/thumbnails/IMG-20240422-WA0078.jpg","width":113,"height":150},"usages":[]},{"id":"user-image-IMG-20240422-WA0084.jpg","fileName":"IMG-20240422-WA0084.jpg","name":"IMG-20240422-WA0084","publicUrl":"https://assets.nicepagecdn.com/f94d3934/6238112/images/IMG-20240422-WA0084.jpg","size":682213,"hash":"+AGRh8IbaQVrL3Nk5XMt6s2ayVE=","width":1512,"height":2016,"folderId":"user-image-folder-76c215b5-56d4-d2cb-34c0-61e42b5d5967","thumbnail":{"url":"https://assets.nicepagecdn.com/f94d3934/6238112/images/thumbnails/IMG-20240422-WA0084.jpg","width":113,"height":150},"usages":["19508650"]},{"id":"user-image-IMG-20240422-WA0075.jpg","fileName":"IMG-20240422-WA0075.jpg","name":"IMG-20240422-WA0075","publicUrl":"https://assets.nicepagecdn.com/f94d3934/6238112/images/IMG-20240422-WA0075.jpg","size":487807,"hash":"ubHYiqFtK/xN7xULZ7HSsTt/W14=","width":1500,"height":2000,"folderId":"user-image-folder-76c215b5-56d4-d2cb-34c0-61e42b5d5967","thumbnail":{"url":"https://assets.nicepagecdn.com/f94d3934/6238112/images/thumbnails/IMG-20240422-WA0075.jpg","width":113,"height":150},"usages":[]},{"id":"user-image-IMG-20240422-WA0079.jpg","fileName":"IMG-20240422-WA0079.jpg","name":"IMG-20240422-WA0079","publicUrl":"https://assets.nicepagecdn.com/f94d3934/6238112/images/IMG-20240422-WA0079.jpg","size":584078,"hash":"Hkg4R3SxwEev4fcpJDnSbjoYGsA=","width":1500,"height":2000,"folderId":"user-image-folder-76c215b5-56d4-d2cb-34c0-61e42b5d5967","thumbnail":{"url":"https://assets.nicepagecdn.com/f94d3934/6238112/images/thumbnails/IMG-20240422-WA0079.jpg","width":113,"height":150},"usages":[]},{"id":"user-image-IMG-20240422-WA0082.jpg","fileName":"IMG-20240422-WA0082.jpg","name":"IMG-20240422-WA0082","publicUrl":"https://assets.nicepagecdn.com/f94d3934/6238112/images/IMG-20240422-WA0082.jpg","size":318713,"hash":"I+TOtU450tzb8CcEmH45u16xS14=","width":1512,"height":2016,"folderId":"user-image-folder-76c215b5-56d4-d2cb-34c0-61e42b5d5967","thumbnail":{"url":"https://assets.nicepagecdn.com/f94d3934/6238112/images/thumbnails/IMG-20240422-WA0082.jpg","width":113,"height":150},"usages":[]},{"id":"user-image-IMG-20240422-WA0067.jpg","fileName":"IMG-20240422-WA0067.jpg","name":"IMG-20240422-WA0067","publicUrl":"https://assets.nicepagecdn.com/f94d3934/6238112/images/IMG-20240422-WA0067.jpg","size":662570,"hash":"XMA1TKGsZlpF5FQUc0tIa3bquRk=","width":2000,"height":1500,"folderId":"user-image-folder-76c215b5-56d4-d2cb-34c0-61e42b5d5967","thumbnail":{"url":"https://assets.nicepagecdn.com/f94d3934/6238112/images/thumbnails/IMG-20240422-WA0067.jpg","width":150,"height":113},"usages":[]},{"id":"user-image-IMG-20240422-WA0083.jpg","fileName":"IMG-20240422-WA0083.jpg","name":"IMG-20240422-WA0083","publicUrl":"https://assets.nicepagecdn.com/f94d3934/6238112/images/IMG-20240422-WA0083.jpg","size":641217,"hash":"Dy1offc1fasPseKs6fPFqxaFIW8=","width":1500,"height":2000,"folderId":"user-image-folder-76c215b5-56d4-d2cb-34c0-61e42b5d5967","thumbnail":{"url":"https://assets.nicepagecdn.com/f94d3934/6238112/images/thumbnails/IMG-20240422-WA0083.jpg","width":113,"height":150},"usages":[]},{"id":"user-image-IMG-20240422-WA0076.jpg","fileName":"IMG-20240422-WA0076.jpg","name":"IMG-20240422-WA0076","publicUrl":"https://assets.nicepagecdn.com/f94d3934/6238112/images/IMG-20240422-WA0076.jpg","size":674296,"hash":"iD6u818ztqRpRrcRnynyclty5rM=","width":1500,"height":2000,"folderId":"user-image-folder-76c215b5-56d4-d2cb-34c0-61e42b5d5967","thumbnail":{"url":"https://assets.nicepagecdn.com/f94d3934/6238112/images/thumbnails/IMG-20240422-WA0076.jpg","width":113,"height":150},"usages":[]},{"id":"user-image-IMG-20240422-WA0090.jpg","fileName":"IMG-20240422-WA0090.jpg","name":"IMG-20240422-WA0090","publicUrl":"https://assets.nicepagecdn.com/f94d3934/6238112/images/IMG-20240422-WA0090.jpg","size":513664,"hash":"YuxpEeVFkd0fOqt89+pAjk7d6Cc=","width":2000,"height":1500,"folderId":"user-image-folder-76c215b5-56d4-d2cb-34c0-61e42b5d5967","thumbnail":{"url":"https://assets.nicepagecdn.com/f94d3934/6238112/images/thumbnails/IMG-20240422-WA0090.jpg","width":150,"height":113},"usages":["904620680"]},{"id":"user-image-IMG-20240422-WA0081.jpg","fileName":"IMG-20240422-WA0081.jpg","name":"IMG-20240422-WA0081","publicUrl":"https://assets.nicepagecdn.com/f94d3934/6238112/images/IMG-20240422-WA0081.jpg","size":639335,"hash":"GXyP0aLy1t9BET0jsgvQ9MlMo44=","width":1500,"height":2000,"folderId":"user-image-folder-76c215b5-56d4-d2cb-34c0-61e42b5d5967","thumbnail":{"url":"https://assets.nicepagecdn.com/f94d3934/6238112/images/thumbnails/IMG-20240422-WA0081.jpg","width":113,"height":150},"usages":[]},{"id":"user-image-IMG-20240422-WA0088.jpg","fileName":"IMG-20240422-WA0088.jpg","name":"IMG-20240422-WA0088","publicUrl":"https://assets.nicepagecdn.com/f94d3934/6238112/images/IMG-20240422-WA0088.jpg","size":459408,"hash":"LKoB6Xszwl4FIKasmuzIsXt6okg=","width":1500,"height":2000,"folderId":"user-image-folder-76c215b5-56d4-d2cb-34c0-61e42b5d5967","thumbnail":{"url":"https://assets.nicepagecdn.com/f94d3934/6238112/images/thumbnails/IMG-20240422-WA0088.jpg","width":113,"height":150},"usages":[]},{"id":"user-image-IMG-20240422-WA0094.jpg","fileName":"IMG-20240422-WA0094.jpg","name":"IMG-20240422-WA0094","publicUrl":"https://assets.nicepagecdn.com/f94d3934/6238112/images/IMG-20240422-WA0094.jpg","size":471426,"hash":"pfs36PqbIo5AoyjBDhZXmihOths=","width":1500,"height":2000,"folderId":"user-image-folder-76c215b5-56d4-d2cb-34c0-61e42b5d5967","thumbnail":{"url":"https://assets.nicepagecdn.com/f94d3934/6238112/images/thumbnails/IMG-20240422-WA0094.jpg","width":113,"height":150},"usages":[]},{"id":"user-image-IMG-20240422-WA0085.jpg","fileName":"IMG-20240422-WA0085.jpg","name":"IMG-20240422-WA0085","publicUrl":"https://assets.nicepagecdn.com/f94d3934/6238112/images/IMG-20240422-WA0085.jpg","size":778917,"hash":"SSEUenunoMsUYmGFTAUS75WbPX4=","width":1512,"height":2016,"folderId":"user-image-folder-76c215b5-56d4-d2cb-34c0-61e42b5d5967","thumbnail":{"url":"https://assets.nicepagecdn.com/f94d3934/6238112/images/thumbnails/IMG-20240422-WA0085.jpg","width":113,"height":150},"usages":["904620680"]},{"id":"user-image-IMG-20240422-WA0089.jpg","fileName":"IMG-20240422-WA0089.jpg","name":"IMG-20240422-WA0089","publicUrl":"https://assets.nicepagecdn.com/f94d3934/6238112/images/IMG-20240422-WA0089.jpg","size":540004,"hash":"Sp+ji/C3x3z9icKYXTOgQs22WOo=","width":2000,"height":1500,"folderId":"user-image-folder-76c215b5-56d4-d2cb-34c0-61e42b5d5967","thumbnail":{"url":"https://assets.nicepagecdn.com/f94d3934/6238112/images/thumbnails/IMG-20240422-WA0089.jpg","width":150,"height":113},"usages":[]},{"id":"user-image-IMG-20240422-WA0086.jpg","fileName":"IMG-20240422-WA0086.jpg","name":"IMG-20240422-WA0086","publicUrl":"https://assets.nicepagecdn.com/f94d3934/6238112/images/IMG-20240422-WA0086.jpg","size":724635,"hash":"q31d6Ojad6ioJEv8M2cnxC123H4=","width":1512,"height":2016,"folderId":"user-image-folder-76c215b5-56d4-d2cb-34c0-61e42b5d5967","thumbnail":{"url":"https://assets.nicepagecdn.com/f94d3934/6238112/images/thumbnails/IMG-20240422-WA0086.jpg","width":113,"height":150},"usages":[]},{"id":"user-image-IMG-20240422-WA0093.jpg","fileName":"IMG-20240422-WA0093.jpg","name":"IMG-20240422-WA0093","publicUrl":"https://assets.nicepagecdn.com/f94d3934/6238112/images/IMG-20240422-WA0093.jpg","size":521361,"hash":"E1wUMVQhutPRuMWNvT7saMH0F8U=","width":1512,"height":2016,"folderId":"user-image-folder-76c215b5-56d4-d2cb-34c0-61e42b5d5967","thumbnail":{"url":"https://assets.nicepagecdn.com/f94d3934/6238112/images/thumbnails/IMG-20240422-WA0093.jpg","width":113,"height":150},"usages":[]},{"id":"user-image-IMG-20240422-WA0077.jpg","fileName":"IMG-20240422-WA0077.jpg","name":"IMG-20240422-WA0077","publicUrl":"https://assets.nicepagecdn.com/f94d3934/6238112/images/IMG-20240422-WA0077.jpg","size":692239,"hash":"4ogrEVY5P67yEfU5r+eKcROctVo=","width":1500,"height":2000,"folderId":"user-image-folder-76c215b5-56d4-d2cb-34c0-61e42b5d5967","thumbnail":{"url":"https://assets.nicepagecdn.com/f94d3934/6238112/images/thumbnails/IMG-20240422-WA0077.jpg","width":113,"height":150},"usages":[]},{"id":"user-image-IMG-20240422-WA0091.jpg","fileName":"IMG-20240422-WA0091.jpg","name":"IMG-20240422-WA0091","publicUrl":"https://assets.nicepagecdn.com/f94d3934/6238112/images/IMG-20240422-WA0091.jpg","size":528688,"hash":"GCeYFT4HIWhXlfYxOazRxBE2n8w=","width":2000,"height":1500,"folderId":"user-image-folder-76c215b5-56d4-d2cb-34c0-61e42b5d5967","thumbnail":{"url":"https://assets.nicepagecdn.com/f94d3934/6238112/images/thumbnails/IMG-20240422-WA0091.jpg","width":150,"height":113},"usages":["904620680"]},{"id":"user-image-IMG-20240422-WA0098.jpg","fileName":"IMG-20240422-WA0098.jpg","name":"IMG-20240422-WA0098","publicUrl":"https://assets.nicepagecdn.com/f94d3934/6238112/images/IMG-20240422-WA0098.jpg","size":299890,"hash":"pmSM1mu4sDzbe35DN8wfLh7T+8o=","width":2000,"height":1500,"folderId":"user-image-folder-76c215b5-56d4-d2cb-34c0-61e42b5d5967","thumbnail":{"url":"https://assets.nicepagecdn.com/f94d3934/6238112/images/thumbnails/IMG-20240422-WA0098.jpg","width":150,"height":113},"usages":["904620680"]},{"id":"user-image-IMG-20240422-WA0092.jpg","fileName":"IMG-20240422-WA0092.jpg","name":"IMG-20240422-WA0092","publicUrl":"https://assets.nicepagecdn.com/f94d3934/6238112/images/IMG-20240422-WA0092.jpg","size":516354,"hash":"BMPK0sQNQBtKEDTZDcmxd62VaiE=","width":1512,"height":2016,"folderId":"user-image-folder-76c215b5-56d4-d2cb-34c0-61e42b5d5967","thumbnail":{"url":"https://assets.nicepagecdn.com/f94d3934/6238112/images/thumbnails/IMG-20240422-WA0092.jpg","width":113,"height":150},"usages":[]},{"id":"user-image-IMG-20240422-WA0087.jpg","fileName":"IMG-20240422-WA0087.jpg","name":"IMG-20240422-WA0087","publicUrl":"https://assets.nicepagecdn.com/f94d3934/6238112/images/IMG-20240422-WA0087.jpg","size":403975,"hash":"37gSHiurmCgquhJ+NabpPni1C78=","width":2000,"height":1500,"folderId":"user-image-folder-76c215b5-56d4-d2cb-34c0-61e42b5d5967","thumbnail":{"url":"https://assets.nicepagecdn.com/f94d3934/6238112/images/thumbnails/IMG-20240422-WA0087.jpg","width":150,"height":113},"usages":[]},{"id":"user-image-IMG-20240422-WA0096.jpg","fileName":"IMG-20240422-WA0096.jpg","name":"IMG-20240422-WA0096","publicUrl":"https://assets.nicepagecdn.com/f94d3934/6238112/images/IMG-20240422-WA0096.jpg","size":278373,"hash":"w8/h9o6MMTgUd6ip2CC3Jg4zEA8=","width":2016,"height":1512,"folderId":"user-image-folder-76c215b5-56d4-d2cb-34c0-61e42b5d5967","thumbnail":{"url":"https://assets.nicepagecdn.com/f94d3934/6238112/images/thumbnails/IMG-20240422-WA0096.jpg","width":150,"height":113},"usages":[]},{"id":"user-image-IMG-20240422-WA0102.jpg","fileName":"IMG-20240422-WA0102.jpg","name":"IMG-20240422-WA0102","publicUrl":"https://assets.nicepagecdn.com/f94d3934/6238112/images/IMG-20240422-WA0102.jpg","size":551923,"hash":"iealv9JKhmkHuycCDXx75R3PGq8=","width":2016,"height":1512,"folderId":"user-image-folder-76c215b5-56d4-d2cb-34c0-61e42b5d5967","thumbnail":{"url":"https://assets.nicepagecdn.com/f94d3934/6238112/images/thumbnails/IMG-20240422-WA0102.jpg","width":150,"height":113},"usages":[]},{"id":"user-image-IMG-20240422-WA0097.jpg","fileName":"IMG-20240422-WA0097.jpg","name":"IMG-20240422-WA0097","publicUrl":"https://assets.nicepagecdn.com/f94d3934/6238112/images/IMG-20240422-WA0097.jpg","size":328875,"hash":"UjhLww1vAw0A7WP54b+RMQEN5MM=","width":2000,"height":1500,"folderId":"user-image-folder-76c215b5-56d4-d2cb-34c0-61e42b5d5967","thumbnail":{"url":"https://assets.nicepagecdn.com/f94d3934/6238112/images/thumbnails/IMG-20240422-WA0097.jpg","width":150,"height":113},"usages":[]},{"id":"user-image-IMG-20240422-WA0114.jpg","fileName":"IMG-20240422-WA0114.jpg","name":"IMG-20240422-WA0114","publicUrl":"https://assets.nicepagecdn.com/f94d3934/6238112/images/IMG-20240422-WA0114.jpg","size":299650,"hash":"KkZKruvJTco/tsPoAwjVM7XJmAs=","width":1600,"height":1200,"folderId":"user-image-folder-76c215b5-56d4-d2cb-34c0-61e42b5d5967","thumbnail":{"url":"https://assets.nicepagecdn.com/f94d3934/6238112/images/thumbnails/IMG-20240422-WA0114.jpg","width":150,"height":113},"usages":[]},{"id":"user-image-IMG-20240422-WA0113.jpg","fileName":"IMG-20240422-WA0113.jpg","name":"IMG-20240422-WA0113","publicUrl":"https://assets.nicepagecdn.com/f94d3934/6238112/images/IMG-20240422-WA0113.jpg","size":759004,"hash":"uJhLiWy/nyZhL8rAzHtCS93qhF8=","width":2000,"height":1500,"folderId":"user-image-folder-76c215b5-56d4-d2cb-34c0-61e42b5d5967","thumbnail":{"url":"https://assets.nicepagecdn.com/f94d3934/6238112/images/thumbnails/IMG-20240422-WA0113.jpg","width":150,"height":113},"usages":[]},{"id":"user-image-IMG-20240422-WA0118.jpg","fileName":"IMG-20240422-WA0118.jpg","name":"IMG-20240422-WA0118","publicUrl":"https://assets.nicepagecdn.com/f94d3934/6238112/images/IMG-20240422-WA0118.jpg","size":770580,"hash":"VzaY5sEtB5ZsJFrXC1lgw30KKkQ=","width":2000,"height":1500,"folderId":"user-image-folder-76c215b5-56d4-d2cb-34c0-61e42b5d5967","thumbnail":{"url":"https://assets.nicepagecdn.com/f94d3934/6238112/images/thumbnails/IMG-20240422-WA0118.jpg","width":150,"height":113},"usages":[]},{"id":"user-image-IMG-20240422-WA0116.jpg","fileName":"IMG-20240422-WA0116.jpg","name":"IMG-20240422-WA0116","publicUrl":"https://assets.nicepagecdn.com/f94d3934/6238112/images/IMG-20240422-WA0116.jpg","size":283891,"hash":"f5wyr68NEGIp43cA/2tq5cvF+M4=","width":1200,"height":1600,"folderId":"user-image-folder-76c215b5-56d4-d2cb-34c0-61e42b5d5967","thumbnail":{"url":"https://assets.nicepagecdn.com/f94d3934/6238112/images/thumbnails/IMG-20240422-WA0116.jpg","width":113,"height":150},"usages":[]},{"id":"user-image-IMG-20240422-WA0119.jpg","fileName":"IMG-20240422-WA0119.jpg","name":"IMG-20240422-WA0119","publicUrl":"https://assets.nicepagecdn.com/f94d3934/6238112/images/IMG-20240422-WA0119.jpg","size":588187,"hash":"CnilgBroGnyoafvvHwQh5AlML88=","width":1500,"height":2000,"folderId":"user-image-folder-76c215b5-56d4-d2cb-34c0-61e42b5d5967","thumbnail":{"url":"https://assets.nicepagecdn.com/f94d3934/6238112/images/thumbnails/IMG-20240422-WA0119.jpg","width":113,"height":150},"usages":[]},{"id":"user-image-IMG-20240422-WA0120.jpg","fileName":"IMG-20240422-WA0120.jpg","name":"IMG-20240422-WA0120","publicUrl":"https://assets.nicepagecdn.com/f94d3934/6238112/images/IMG-20240422-WA0120.jpg","size":512657,"hash":"8DYpR3sosB1oYiG/sxGkLUjyO9E=","width":1500,"height":2000,"folderId":"user-image-folder-76c215b5-56d4-d2cb-34c0-61e42b5d5967","thumbnail":{"url":"https://assets.nicepagecdn.com/f94d3934/6238112/images/thumbnails/IMG-20240422-WA0120.jpg","width":113,"height":150},"usages":[]},{"id":"user-image-IMG-20240422-WA0115.jpg","fileName":"IMG-20240422-WA0115.jpg","name":"IMG-20240422-WA0115","publicUrl":"https://assets.nicepagecdn.com/f94d3934/6238112/images/IMG-20240422-WA0115.jpg","size":320603,"hash":"ciIXML2/OeQvsdAT6XXFVgr74+0=","width":1600,"height":1200,"folderId":"user-image-folder-76c215b5-56d4-d2cb-34c0-61e42b5d5967","thumbnail":{"url":"https://assets.nicepagecdn.com/f94d3934/6238112/images/thumbnails/IMG-20240422-WA0115.jpg","width":150,"height":113},"usages":[]},{"id":"user-image-IMG-20240422-WA0123.jpg","fileName":"IMG-20240422-WA0123.jpg","name":"IMG-20240422-WA0123","publicUrl":"https://assets.nicepagecdn.com/f94d3934/6238112/images/IMG-20240422-WA0123.jpg","size":301427,"hash":"nD5muO3CO7tCNDqqftAWcYHDaPo=","width":1200,"height":1600,"folderId":"user-image-folder-76c215b5-56d4-d2cb-34c0-61e42b5d5967","thumbnail":{"url":"https://assets.nicepagecdn.com/f94d3934/6238112/images/thumbnails/IMG-20240422-WA0123.jpg","width":113,"height":150},"usages":[]},{"id":"user-image-IMG-20240422-WA0121.jpg","fileName":"IMG-20240422-WA0121.jpg","name":"IMG-20240422-WA0121","publicUrl":"https://assets.nicepagecdn.com/f94d3934/6238112/images/IMG-20240422-WA0121.jpg","size":324136,"hash":"tChkxYqle3/rdshIHUrl2AtHG20=","width":1200,"height":1600,"folderId":"user-image-folder-76c215b5-56d4-d2cb-34c0-61e42b5d5967","thumbnail":{"url":"https://assets.nicepagecdn.com/f94d3934/6238112/images/thumbnails/IMG-20240422-WA0121.jpg","width":113,"height":150},"usages":[]},{"id":"user-image-IMG-20240422-WA0117.jpg","fileName":"IMG-20240422-WA0117.jpg","name":"IMG-20240422-WA0117","publicUrl":"https://assets.nicepagecdn.com/f94d3934/6238112/images/IMG-20240422-WA0117.jpg","size":310631,"hash":"owQ2ANVN9iEhHxdHMfO6C1P4r6o=","width":1200,"height":1600,"folderId":"user-image-folder-76c215b5-56d4-d2cb-34c0-61e42b5d5967","thumbnail":{"url":"https://assets.nicepagecdn.com/f94d3934/6238112/images/thumbnails/IMG-20240422-WA0117.jpg","width":113,"height":150},"usages":[]},{"id":"user-image-IMG-20240422-WA0024.jpg","fileName":"IMG-20240422-WA0024.jpg","name":"IMG-20240422-WA0024","publicUrl":"https://assets.nicepagecdn.com/f94d3934/6238112/images/IMG-20240422-WA0024.jpg","size":244385,"hash":"iXAU2Mvav0QsXqIpwZADaAvpm4k=","width":2000,"height":1500,"folderId":"user-image-folder-76c215b5-56d4-d2cb-34c0-61e42b5d5967","thumbnail":{"url":"https://assets.nicepagecdn.com/f94d3934/6238112/images/thumbnails/IMG-20240422-WA0024.jpg","width":150,"height":113},"usages":[]},{"id":"user-image-IMG-20240422-WA0011.jpg","fileName":"IMG-20240422-WA0011.jpg","name":"IMG-20240422-WA0011","publicUrl":"https://assets.nicepagecdn.com/f94d3934/6238112/images/IMG-20240422-WA0011.jpg","size":211011,"hash":"dqmWuIi9MZ4R34bgegoywZLPEFE=","width":1500,"height":2000,"folderId":"user-image-folder-76c215b5-56d4-d2cb-34c0-61e42b5d5967","thumbnail":{"url":"https://assets.nicepagecdn.com/f94d3934/6238112/images/thumbnails/IMG-20240422-WA0011.jpg","width":113,"height":150},"usages":[]},{"id":"user-image-IMG-20240422-WA0019.jpg","fileName":"IMG-20240422-WA0019.jpg","name":"IMG-20240422-WA0019","publicUrl":"https://assets.nicepagecdn.com/f94d3934/6238112/images/IMG-20240422-WA0019.jpg","size":194554,"hash":"niP2yhzkDouuI72es2/FU6jF+8U=","width":1500,"height":2000,"folderId":"user-image-folder-76c215b5-56d4-d2cb-34c0-61e42b5d5967","thumbnail":{"url":"https://assets.nicepagecdn.com/f94d3934/6238112/images/thumbnails/IMG-20240422-WA0019.jpg","width":113,"height":150},"usages":[]},{"id":"user-image-IMG-20240422-WA0122.jpg","fileName":"IMG-20240422-WA0122.jpg","name":"IMG-20240422-WA0122","publicUrl":"https://assets.nicepagecdn.com/f94d3934/6238112/images/IMG-20240422-WA0122.jpg","size":585619,"hash":"sOdAJ7myk3rfdasxEQR7QZAOtNI=","width":1500,"height":2000,"folderId":"user-image-folder-76c215b5-56d4-d2cb-34c0-61e42b5d5967","thumbnail":{"url":"https://assets.nicepagecdn.com/f94d3934/6238112/images/thumbnails/IMG-20240422-WA0122.jpg","width":113,"height":150},"usages":[]},{"id":"user-image-IMG-20240422-WA0012.jpg","fileName":"IMG-20240422-WA0012.jpg","name":"IMG-20240422-WA0012","publicUrl":"https://assets.nicepagecdn.com/f94d3934/6238112/images/IMG-20240422-WA0012.jpg","size":183324,"hash":"7YIqEXQIc8rKau/fU4HhvR8GHtU=","width":1512,"height":2016,"folderId":"user-image-folder-76c215b5-56d4-d2cb-34c0-61e42b5d5967","thumbnail":{"url":"https://assets.nicepagecdn.com/f94d3934/6238112/images/thumbnails/IMG-20240422-WA0012.jpg","width":113,"height":150},"usages":[]},{"id":"user-image-IMG-20240422-WA0127.jpg","fileName":"IMG-20240422-WA0127.jpg","name":"IMG-20240422-WA0127","publicUrl":"https://assets.nicepagecdn.com/f94d3934/6238112/images/IMG-20240422-WA0127.jpg","size":316693,"hash":"5BXUiUUn1Sq6yoza3ZuC7lNgBc8=","width":1200,"height":1600,"folderId":"user-image-folder-76c215b5-56d4-d2cb-34c0-61e42b5d5967","thumbnail":{"url":"https://assets.nicepagecdn.com/f94d3934/6238112/images/thumbnails/IMG-20240422-WA0127.jpg","width":113,"height":150},"usages":[]},{"id":"user-image-IMG-20240422-WA0046.jpg","fileName":"IMG-20240422-WA0046.jpg","name":"IMG-20240422-WA0046","publicUrl":"https://assets.nicepagecdn.com/f94d3934/6238112/images/IMG-20240422-WA0046.jpg","size":141064,"hash":"+79qEZx3s41T/wNDZN6d+cvRcNY=","width":2000,"height":1500,"folderId":"user-image-folder-76c215b5-56d4-d2cb-34c0-61e42b5d5967","thumbnail":{"url":"https://assets.nicepagecdn.com/f94d3934/6238112/images/thumbnails/IMG-20240422-WA0046.jpg","width":150,"height":113},"usages":[]},{"id":"user-image-IMG-20240422-WA0048.jpg","fileName":"IMG-20240422-WA0048.jpg","name":"IMG-20240422-WA0048","publicUrl":"https://assets.nicepagecdn.com/f94d3934/6238112/images/IMG-20240422-WA0048.jpg","size":203657,"hash":"ern5uYtlQc/A0agJX6hH35/yKtY=","width":1512,"height":2016,"folderId":"user-image-folder-76c215b5-56d4-d2cb-34c0-61e42b5d5967","thumbnail":{"url":"https://assets.nicepagecdn.com/f94d3934/6238112/images/thumbnails/IMG-20240422-WA0048.jpg","width":113,"height":150},"usages":[]},{"id":"user-image-IMG-20240422-WA0139.jpg","fileName":"IMG-20240422-WA0139.jpg","name":"IMG-20240422-WA0139","publicUrl":"https://assets.nicepagecdn.com/f94d3934/6238112/images/IMG-20240422-WA0139.jpg","size":267740,"hash":"A9Jbgpr/D8vbUF0PqsCZFZqdcjM=","width":1599,"height":1200,"folderId":"user-image-folder-76c215b5-56d4-d2cb-34c0-61e42b5d5967","thumbnail":{"url":"https://assets.nicepagecdn.com/f94d3934/6238112/images/thumbnails/IMG-20240422-WA0139.jpg","width":150,"height":113},"usages":[]},{"id":"user-image-IMG-20240422-WA0148.jpg","fileName":"IMG-20240422-WA0148.jpg","name":"IMG-20240422-WA0148","publicUrl":"https://assets.nicepagecdn.com/f94d3934/6238112/images/IMG-20240422-WA0148.jpg","size":445782,"hash":"x44Fg8aj20Ik9dNgqADsBmNkKR0=","width":2048,"height":1486,"folderId":"user-image-folder-76c215b5-56d4-d2cb-34c0-61e42b5d5967","thumbnail":{"url":"https://assets.nicepagecdn.com/f94d3934/6238112/images/thumbnails/IMG-20240422-WA0148.jpg","width":150,"height":109},"usages":[]},{"id":"user-image-IMG-20240422-WA0065.jpg","fileName":"IMG-20240422-WA0065.jpg","name":"IMG-20240422-WA0065","publicUrl":"https://assets.nicepagecdn.com/f94d3934/6238112/images/IMG-20240422-WA0065.jpg","size":223894,"hash":"HxVFxcmmrWYFHIGvCgsseg/xOyk=","width":2016,"height":1512,"folderId":"user-image-folder-76c215b5-56d4-d2cb-34c0-61e42b5d5967","thumbnail":{"url":"https://assets.nicepagecdn.com/f94d3934/6238112/images/thumbnails/IMG-20240422-WA0065.jpg","width":150,"height":113},"usages":[]},{"id":"user-image-IMG-20240422-WA0100.jpg","fileName":"IMG-20240422-WA0100.jpg","name":"IMG-20240422-WA0100","publicUrl":"https://assets.nicepagecdn.com/f94d3934/6238112/images/IMG-20240422-WA0100.jpg","size":201533,"hash":"0I+G/6oIN3jbGZ67EUGnwLEQspA=","width":1512,"height":2016,"folderId":"user-image-folder-76c215b5-56d4-d2cb-34c0-61e42b5d5967","thumbnail":{"url":"https://assets.nicepagecdn.com/f94d3934/6238112/images/thumbnails/IMG-20240422-WA0100.jpg","width":113,"height":150},"usages":[]},{"id":"user-image-IMG-20240422-WA0110.jpg","fileName":"IMG-20240422-WA0110.jpg","name":"IMG-20240422-WA0110","publicUrl":"https://assets.nicepagecdn.com/f94d3934/6238112/images/IMG-20240422-WA0110.jpg","size":131033,"hash":"vUar16FwfuZcn1t5fEFwqhPtxK0=","width":1599,"height":1200,"folderId":"user-image-folder-76c215b5-56d4-d2cb-34c0-61e42b5d5967","thumbnail":{"url":"https://assets.nicepagecdn.com/f94d3934/6238112/images/thumbnails/IMG-20240422-WA0110.jpg","width":150,"height":113},"usages":[]},{"id":"user-image-IMG-20240422-WA0108.jpg","fileName":"IMG-20240422-WA0108.jpg","name":"IMG-20240422-WA0108","publicUrl":"https://assets.nicepagecdn.com/f94d3934/6238112/images/IMG-20240422-WA0108.jpg","size":184174,"hash":"we8mx2yenpoJMo/0ZpOzCc2WCfk=","width":1599,"height":1200,"folderId":"user-image-folder-76c215b5-56d4-d2cb-34c0-61e42b5d5967","thumbnail":{"url":"https://assets.nicepagecdn.com/f94d3934/6238112/images/thumbnails/IMG-20240422-WA0108.jpg","width":150,"height":113},"usages":[]},{"id":"user-image-IMG-20240422-WA0095.jpg","fileName":"IMG-20240422-WA0095.jpg","name":"IMG-20240422-WA0095","publicUrl":"https://assets.nicepagecdn.com/f94d3934/6238112/images/IMG-20240422-WA0095.jpg","size":208649,"hash":"oGrbq13jB3XAm5QJWs9chDLnWhc=","width":1500,"height":2000,"folderId":"user-image-folder-76c215b5-56d4-d2cb-34c0-61e42b5d5967","thumbnail":{"url":"https://assets.nicepagecdn.com/f94d3934/6238112/images/thumbnails/IMG-20240422-WA0095.jpg","width":113,"height":150},"usages":[]},{"id":"user-image-IMG-20240422-WA0105.jpg","fileName":"IMG-20240422-WA0105.jpg","name":"IMG-20240422-WA0105","publicUrl":"https://assets.nicepagecdn.com/f94d3934/6238112/images/IMG-20240422-WA0105.jpg","size":168386,"hash":"2duoHEhCDg3yV3bTtsHDJXdmRzU=","width":1599,"height":1200,"folderId":"user-image-folder-76c215b5-56d4-d2cb-34c0-61e42b5d5967","thumbnail":{"url":"https://assets.nicepagecdn.com/f94d3934/6238112/images/thumbnails/IMG-20240422-WA0105.jpg","width":150,"height":113},"usages":[]},{"id":"user-image-IMG-20240422-WA0103.jpg","fileName":"IMG-20240422-WA0103.jpg","name":"IMG-20240422-WA0103","publicUrl":"https://assets.nicepagecdn.com/f94d3934/6238112/images/IMG-20240422-WA0103.jpg","size":203870,"hash":"iYfGWTrA3kHntcGku3Ub2xIT02Q=","width":1512,"height":2016,"folderId":"user-image-folder-76c215b5-56d4-d2cb-34c0-61e42b5d5967","thumbnail":{"url":"https://assets.nicepagecdn.com/f94d3934/6238112/images/thumbnails/IMG-20240422-WA0103.jpg","width":113,"height":150},"usages":[]},{"id":"user-image-IMG-20240422-WA0104.jpg","fileName":"IMG-20240422-WA0104.jpg","name":"IMG-20240422-WA0104","publicUrl":"https://assets.nicepagecdn.com/f94d3934/6238112/images/IMG-20240422-WA0104.jpg","size":73178,"hash":"28JJyQqxcxAKjw3kOAhEcMxKVQQ=","width":480,"height":640,"folderId":"user-image-folder-76c215b5-56d4-d2cb-34c0-61e42b5d5967","thumbnail":{"url":"https://assets.nicepagecdn.com/f94d3934/6238112/images/thumbnails/IMG-20240422-WA0104.jpg","width":113,"height":150},"usages":[]},{"id":"user-image-IMG-20240422-WA0101.jpg","fileName":"IMG-20240422-WA0101.jpg","name":"IMG-20240422-WA0101","publicUrl":"https://assets.nicepagecdn.com/f94d3934/6238112/images/IMG-20240422-WA0101.jpg","size":203539,"hash":"SIyirmpKBez3EbaKkTqTyS9ZjJs=","width":1500,"height":2000,"folderId":"user-image-folder-76c215b5-56d4-d2cb-34c0-61e42b5d5967","thumbnail":{"url":"https://assets.nicepagecdn.com/f94d3934/6238112/images/thumbnails/IMG-20240422-WA0101.jpg","width":113,"height":150},"usages":[]},{"id":"user-image-IMG-20240422-WA0106.jpg","fileName":"IMG-20240422-WA0106.jpg","name":"IMG-20240422-WA0106","publicUrl":"https://assets.nicepagecdn.com/f94d3934/6238112/images/IMG-20240422-WA0106.jpg","size":134321,"hash":"lbeS2v9rAlmDssdVrMmvypigeyc=","width":1599,"height":1200,"folderId":"user-image-folder-76c215b5-56d4-d2cb-34c0-61e42b5d5967","thumbnail":{"url":"https://assets.nicepagecdn.com/f94d3934/6238112/images/thumbnails/IMG-20240422-WA0106.jpg","width":150,"height":113},"usages":[]},{"id":"user-image-IMG-20240422-WA0109.jpg","fileName":"IMG-20240422-WA0109.jpg","name":"IMG-20240422-WA0109","publicUrl":"https://assets.nicepagecdn.com/f94d3934/6238112/images/IMG-20240422-WA0109.jpg","size":189114,"hash":"sL/1uKHRmZe/FMyMNc0zY+9qOb4=","width":1599,"height":1200,"folderId":"user-image-folder-76c215b5-56d4-d2cb-34c0-61e42b5d5967","thumbnail":{"url":"https://assets.nicepagecdn.com/f94d3934/6238112/images/thumbnails/IMG-20240422-WA0109.jpg","width":150,"height":113},"usages":[]},{"id":"user-image-IMG-20240422-WA0130.jpg","fileName":"IMG-20240422-WA0130.jpg","name":"IMG-20240422-WA0130","publicUrl":"https://assets.nicepagecdn.com/f94d3934/6238112/images/IMG-20240422-WA0130.jpg","size":220103,"hash":"rX+NY8b0lTMjIMS0yIuvjKYI9DU=","width":1599,"height":1200,"folderId":"user-image-folder-76c215b5-56d4-d2cb-34c0-61e42b5d5967","thumbnail":{"url":"https://assets.nicepagecdn.com/f94d3934/6238112/images/thumbnails/IMG-20240422-WA0130.jpg","width":150,"height":113},"usages":[]},{"id":"user-image-IMG-20240422-WA0111.jpg","fileName":"IMG-20240422-WA0111.jpg","name":"IMG-20240422-WA0111","publicUrl":"https://assets.nicepagecdn.com/f94d3934/6238112/images/IMG-20240422-WA0111.jpg","size":141771,"hash":"EYVLPXRIf6ttyOMBMYTEjLEfBJ4=","width":1599,"height":1200,"folderId":"user-image-folder-76c215b5-56d4-d2cb-34c0-61e42b5d5967","thumbnail":{"url":"https://assets.nicepagecdn.com/f94d3934/6238112/images/thumbnails/IMG-20240422-WA0111.jpg","width":150,"height":113},"usages":[]},{"id":"user-image-IMG-20240422-WA0107.jpg","fileName":"IMG-20240422-WA0107.jpg","name":"IMG-20240422-WA0107","publicUrl":"https://assets.nicepagecdn.com/f94d3934/6238112/images/IMG-20240422-WA0107.jpg","size":86451,"hash":"0yh2nfYY0k3QZABBWE/Rd02eqkc=","width":1599,"height":1200,"folderId":"user-image-folder-76c215b5-56d4-d2cb-34c0-61e42b5d5967","thumbnail":{"url":"https://assets.nicepagecdn.com/f94d3934/6238112/images/thumbnails/IMG-20240422-WA0107.jpg","width":150,"height":113},"usages":[]},{"id":"user-image-IMG-20240422-WA0134.jpg","fileName":"IMG-20240422-WA0134.jpg","name":"IMG-20240422-WA0134","publicUrl":"https://assets.nicepagecdn.com/f94d3934/6238112/images/IMG-20240422-WA0134.jpg","size":164980,"hash":"TczFCYd6EKkfohhB1HpPVxrt9pI=","width":1599,"height":1200,"folderId":"user-image-folder-76c215b5-56d4-d2cb-34c0-61e42b5d5967","thumbnail":{"url":"https://assets.nicepagecdn.com/f94d3934/6238112/images/thumbnails/IMG-20240422-WA0134.jpg","width":150,"height":113},"usages":[]},{"id":"user-image-IMG-20240422-WA0132.jpg","fileName":"IMG-20240422-WA0132.jpg","name":"IMG-20240422-WA0132","publicUrl":"https://assets.nicepagecdn.com/f94d3934/6238112/images/IMG-20240422-WA0132.jpg","size":149126,"hash":"Tn1mSDNtqjM4XSiC080ReURHW+0=","width":1200,"height":1599,"folderId":"user-image-folder-76c215b5-56d4-d2cb-34c0-61e42b5d5967","thumbnail":{"url":"https://assets.nicepagecdn.com/f94d3934/6238112/images/thumbnails/IMG-20240422-WA0132.jpg","width":113,"height":150},"usages":[]},{"id":"user-image-IMG-20240422-WA0140.jpg","fileName":"IMG-20240422-WA0140.jpg","name":"IMG-20240422-WA0140","publicUrl":"https://assets.nicepagecdn.com/f94d3934/6238112/images/IMG-20240422-WA0140.jpg","size":125514,"hash":"2V2pi39jjOdLQ+iNXipb1kKRScA=","width":1599,"height":1200,"folderId":"user-image-folder-76c215b5-56d4-d2cb-34c0-61e42b5d5967","thumbnail":{"url":"https://assets.nicepagecdn.com/f94d3934/6238112/images/thumbnails/IMG-20240422-WA0140.jpg","width":150,"height":113},"usages":[]},{"id":"user-image-IMG-20240422-WA0135.jpg","fileName":"IMG-20240422-WA0135.jpg","name":"IMG-20240422-WA0135","publicUrl":"https://assets.nicepagecdn.com/f94d3934/6238112/images/IMG-20240422-WA0135.jpg","size":175908,"hash":"MWMzM9CoPX9Y/EZVjG1X0pKQed8=","width":1599,"height":1200,"folderId":"user-image-folder-76c215b5-56d4-d2cb-34c0-61e42b5d5967","thumbnail":{"url":"https://assets.nicepagecdn.com/f94d3934/6238112/images/thumbnails/IMG-20240422-WA0135.jpg","width":150,"height":113},"usages":[]},{"id":"user-image-IMG-20240422-WA0136.jpg","fileName":"IMG-20240422-WA0136.jpg","name":"IMG-20240422-WA0136","publicUrl":"https://assets.nicepagecdn.com/f94d3934/6238112/images/IMG-20240422-WA0136.jpg","size":191903,"hash":"UqjU608MvmK669dPhYudMprFaG8=","width":1599,"height":1200,"folderId":"user-image-folder-76c215b5-56d4-d2cb-34c0-61e42b5d5967","thumbnail":{"url":"https://assets.nicepagecdn.com/f94d3934/6238112/images/thumbnails/IMG-20240422-WA0136.jpg","width":150,"height":113},"usages":[]},{"id":"user-image-IMG-20240422-WA0145.jpg","fileName":"IMG-20240422-WA0145.jpg","name":"IMG-20240422-WA0145","publicUrl":"https://assets.nicepagecdn.com/f94d3934/6238112/images/IMG-20240422-WA0145.jpg","size":201415,"hash":"Vxpj9jpi8VIpvhFxd3TqgxgAj+k=","width":1512,"height":2016,"folderId":"user-image-folder-76c215b5-56d4-d2cb-34c0-61e42b5d5967","thumbnail":{"url":"https://assets.nicepagecdn.com/f94d3934/6238112/images/thumbnails/IMG-20240422-WA0145.jpg","width":113,"height":150},"usages":[]},{"id":"user-image-IMG-20240422-WA0144.jpg","fileName":"IMG-20240422-WA0144.jpg","name":"IMG-20240422-WA0144","publicUrl":"https://assets.nicepagecdn.com/f94d3934/6238112/images/IMG-20240422-WA0144.jpg","size":189430,"hash":"jjeePOfZAdVgmaFfHBQyu/HUvgc=","width":1599,"height":1200,"folderId":"user-image-folder-76c215b5-56d4-d2cb-34c0-61e42b5d5967","thumbnail":{"url":"https://assets.nicepagecdn.com/f94d3934/6238112/images/thumbnails/IMG-20240422-WA0144.jpg","width":150,"height":113},"usages":[]},{"id":"user-image-IMG-20240422-WA0154.jpg","fileName":"IMG-20240422-WA0154.jpg","name":"IMG-20240422-WA0154","publicUrl":"https://assets.nicepagecdn.com/f94d3934/6238112/images/IMG-20240422-WA0154.jpg","size":205222,"hash":"4fPHfe/Ayw9DvNHRODmVn6ko/qo=","width":1512,"height":2016,"folderId":"user-image-folder-76c215b5-56d4-d2cb-34c0-61e42b5d5967","thumbnail":{"url":"https://assets.nicepagecdn.com/f94d3934/6238112/images/thumbnails/IMG-20240422-WA0154.jpg","width":113,"height":150},"usages":[]},{"id":"user-image-IMG-20240422-WA0155.jpg","fileName":"IMG-20240422-WA0155.jpg","name":"IMG-20240422-WA0155","publicUrl":"https://assets.nicepagecdn.com/f94d3934/6238112/images/IMG-20240422-WA0155.jpg","size":239384,"hash":"VaOxk9nBnR/V9N28B3Y2kvz1Umo=","width":1512,"height":2016,"folderId":"user-image-folder-76c215b5-56d4-d2cb-34c0-61e42b5d5967","thumbnail":{"url":"https://assets.nicepagecdn.com/f94d3934/6238112/images/thumbnails/IMG-20240422-WA0155.jpg","width":113,"height":150},"usages":[]},{"id":"user-image-IMG-20240422-WA0143.jpg","fileName":"IMG-20240422-WA0143.jpg","name":"IMG-20240422-WA0143","publicUrl":"https://assets.nicepagecdn.com/f94d3934/6238112/images/IMG-20240422-WA0143.jpg","size":219148,"hash":"YkuGqbml+CEo7E60O/LyFdYiw54=","width":1599,"height":1200,"folderId":"user-image-folder-76c215b5-56d4-d2cb-34c0-61e42b5d5967","thumbnail":{"url":"https://assets.nicepagecdn.com/f94d3934/6238112/images/thumbnails/IMG-20240422-WA0143.jpg","width":150,"height":113},"usages":[]},{"id":"user-image-IMG-20240422-WA0146.jpg","fileName":"IMG-20240422-WA0146.jpg","name":"IMG-20240422-WA0146","publicUrl":"https://assets.nicepagecdn.com/f94d3934/6238112/images/IMG-20240422-WA0146.jpg","size":238623,"hash":"Xi3EYlk7AFMq1lUaz+dfHWyp9yw=","width":1512,"height":2016,"folderId":"user-image-folder-76c215b5-56d4-d2cb-34c0-61e42b5d5967","thumbnail":{"url":"https://assets.nicepagecdn.com/f94d3934/6238112/images/thumbnails/IMG-20240422-WA0146.jpg","width":113,"height":150},"usages":[]},{"id":"user-image-IMG-20240422-WA0137.jpg","fileName":"IMG-20240422-WA0137.jpg","name":"IMG-20240422-WA0137","publicUrl":"https://assets.nicepagecdn.com/f94d3934/6238112/images/IMG-20240422-WA0137.jpg","size":160690,"hash":"YFVsD/+nJm1CG3Xhq9pTOfukU/M=","width":1200,"height":1599,"folderId":"user-image-folder-76c215b5-56d4-d2cb-34c0-61e42b5d5967","thumbnail":{"url":"https://assets.nicepagecdn.com/f94d3934/6238112/images/thumbnails/IMG-20240422-WA0137.jpg","width":113,"height":150},"usages":[]},{"id":"user-image-IMG-20240422-WA0151.jpg","fileName":"IMG-20240422-WA0151.jpg","name":"IMG-20240422-WA0151","publicUrl":"https://assets.nicepagecdn.com/f94d3934/6238112/images/IMG-20240422-WA0151.jpg","size":169062,"hash":"1Y3ls3Ilck6kIVNInvdzuQF17r4=","width":1500,"height":2000,"folderId":"user-image-folder-76c215b5-56d4-d2cb-34c0-61e42b5d5967","thumbnail":{"url":"https://assets.nicepagecdn.com/f94d3934/6238112/images/thumbnails/IMG-20240422-WA0151.jpg","width":113,"height":150},"usages":[]},{"id":"user-image-IMG-20240422-WA0153.jpg","fileName":"IMG-20240422-WA0153.jpg","name":"IMG-20240422-WA0153","publicUrl":"https://assets.nicepagecdn.com/f94d3934/6238112/images/IMG-20240422-WA0153.jpg","size":188938,"hash":"A5uc7XiRRmluRNuVW3huvJk35sU=","width":1512,"height":2016,"folderId":"user-image-folder-76c215b5-56d4-d2cb-34c0-61e42b5d5967","thumbnail":{"url":"https://assets.nicepagecdn.com/f94d3934/6238112/images/thumbnails/IMG-20240422-WA0153.jpg","width":113,"height":150},"usages":[]},{"id":"user-image-IMG-20240422-WA0141.jpg","fileName":"IMG-20240422-WA0141.jpg","name":"IMG-20240422-WA0141","publicUrl":"https://assets.nicepagecdn.com/f94d3934/6238112/images/IMG-20240422-WA0141.jpg","size":123355,"hash":"XLjJWKgWH/SC6IsskESEmEUQ4eE=","width":1599,"height":1200,"folderId":"user-image-folder-76c215b5-56d4-d2cb-34c0-61e42b5d5967","thumbnail":{"url":"https://assets.nicepagecdn.com/f94d3934/6238112/images/thumbnails/IMG-20240422-WA0141.jpg","width":150,"height":113},"usages":[]},{"id":"user-image-IMG-20240422-WA0112.jpg","fileName":"IMG-20240422-WA0112.jpg","name":"IMG-20240422-WA0112","publicUrl":"https://assets.nicepagecdn.com/f94d3934/6238112/images/IMG-20240422-WA0112.jpg","size":182428,"hash":"+b0zSSsOSQWsOGaaoXKhAl/FXec=","width":1200,"height":1599,"folderId":"user-image-folder-76c215b5-56d4-d2cb-34c0-61e42b5d5967","thumbnail":{"url":"https://assets.nicepagecdn.com/f94d3934/6238112/images/thumbnails/IMG-20240422-WA0112.jpg","width":113,"height":150},"usages":[]},{"id":"user-image-IMG-20240422-WA0126.jpg","fileName":"IMG-20240422-WA0126.jpg","name":"IMG-20240422-WA0126","publicUrl":"https://assets.nicepagecdn.com/f94d3934/6238112/images/IMG-20240422-WA0126.jpg","size":186749,"hash":"627ZmKzHYJiUGdg4+8ys9YJBOwo=","width":1599,"height":1200,"folderId":"user-image-folder-76c215b5-56d4-d2cb-34c0-61e42b5d5967","thumbnail":{"url":"https://assets.nicepagecdn.com/f94d3934/6238112/images/thumbnails/IMG-20240422-WA0126.jpg","width":150,"height":113},"usages":[]},{"id":"user-image-IMG-20240422-WA0124.jpg","fileName":"IMG-20240422-WA0124.jpg","name":"IMG-20240422-WA0124","publicUrl":"https://assets.nicepagecdn.com/f94d3934/6238112/images/IMG-20240422-WA0124.jpg","size":247433,"hash":"RfGmFDqeppkMDvJaXjgHnPkO5Xw=","width":1600,"height":1200,"folderId":"user-image-folder-76c215b5-56d4-d2cb-34c0-61e42b5d5967","thumbnail":{"url":"https://assets.nicepagecdn.com/f94d3934/6238112/images/thumbnails/IMG-20240422-WA0124.jpg","width":150,"height":113},"usages":[]},{"id":"user-image-IMG-20240422-WA0128.jpg","fileName":"IMG-20240422-WA0128.jpg","name":"IMG-20240422-WA0128","publicUrl":"https://assets.nicepagecdn.com/f94d3934/6238112/images/IMG-20240422-WA0128.jpg","size":203163,"hash":"vX7uiVmId+4XjGLITShkX88/aUs=","width":1599,"height":1200,"folderId":"user-image-folder-76c215b5-56d4-d2cb-34c0-61e42b5d5967","thumbnail":{"url":"https://assets.nicepagecdn.com/f94d3934/6238112/images/thumbnails/IMG-20240422-WA0128.jpg","width":150,"height":113},"usages":[]},{"id":"user-image-IMG-20240422-WA0129.jpg","fileName":"IMG-20240422-WA0129.jpg","name":"IMG-20240422-WA0129","publicUrl":"https://assets.nicepagecdn.com/f94d3934/6238112/images/IMG-20240422-WA0129.jpg","size":197999,"hash":"al8XE88ZHQso+ZXLjMryeiGNYy4=","width":1500,"height":2000,"folderId":"user-image-folder-76c215b5-56d4-d2cb-34c0-61e42b5d5967","thumbnail":{"url":"https://assets.nicepagecdn.com/f94d3934/6238112/images/thumbnails/IMG-20240422-WA0129.jpg","width":113,"height":150},"usages":[]},{"id":"user-image-IMG-20240422-WA0125.jpg","fileName":"IMG-20240422-WA0125.jpg","name":"IMG-20240422-WA0125","publicUrl":"https://assets.nicepagecdn.com/f94d3934/6238112/images/IMG-20240422-WA0125.jpg","size":253065,"hash":"PVnyUHL3B1SzxZk77Gh6JanQ2os=","width":1600,"height":1200,"folderId":"user-image-folder-76c215b5-56d4-d2cb-34c0-61e42b5d5967","thumbnail":{"url":"https://assets.nicepagecdn.com/f94d3934/6238112/images/thumbnails/IMG-20240422-WA0125.jpg","width":150,"height":113},"usages":[]},{"id":"user-image-IMG-20240422-WA0133.jpg","fileName":"IMG-20240422-WA0133.jpg","name":"IMG-20240422-WA0133","publicUrl":"https://assets.nicepagecdn.com/f94d3934/6238112/images/IMG-20240422-WA0133.jpg","size":185461,"hash":"0l1mskz00Bkxu39JkToy1wxqbBk=","width":1599,"height":1200,"folderId":"user-image-folder-76c215b5-56d4-d2cb-34c0-61e42b5d5967","thumbnail":{"url":"https://assets.nicepagecdn.com/f94d3934/6238112/images/thumbnails/IMG-20240422-WA0133.jpg","width":150,"height":113},"usages":[]},{"id":"user-image-IMG-20240422-WA0131.jpg","fileName":"IMG-20240422-WA0131.jpg","name":"IMG-20240422-WA0131","publicUrl":"https://assets.nicepagecdn.com/f94d3934/6238112/images/IMG-20240422-WA0131.jpg","size":261953,"hash":"J3uO5aW6nd/3WM7gQHZmtEriIiQ=","width":1599,"height":1200,"folderId":"user-image-folder-76c215b5-56d4-d2cb-34c0-61e42b5d5967","thumbnail":{"url":"https://assets.nicepagecdn.com/f94d3934/6238112/images/thumbnails/IMG-20240422-WA0131.jpg","width":150,"height":113},"usages":[]},{"id":"user-image-IMG-20240422-WA0138.jpg","fileName":"IMG-20240422-WA0138.jpg","name":"IMG-20240422-WA0138","publicUrl":"https://assets.nicepagecdn.com/f94d3934/6238112/images/IMG-20240422-WA0138.jpg","size":68320,"hash":"tUX/Rx9290XQgVjYbd9FiCoTTUg=","width":1599,"height":1200,"folderId":"user-image-folder-76c215b5-56d4-d2cb-34c0-61e42b5d5967","thumbnail":{"url":"https://assets.nicepagecdn.com/f94d3934/6238112/images/thumbnails/IMG-20240422-WA0138.jpg","width":150,"height":113},"usages":[]},{"id":"user-image-IMG-20240422-WA0142.jpg","fileName":"IMG-20240422-WA0142.jpg","name":"IMG-20240422-WA0142","publicUrl":"https://assets.nicepagecdn.com/f94d3934/6238112/images/IMG-20240422-WA0142.jpg","size":79814,"hash":"VzZ3wiMEomexpzaaHQ8CqVl3I50=","width":1599,"height":1200,"folderId":"user-image-folder-76c215b5-56d4-d2cb-34c0-61e42b5d5967","thumbnail":{"url":"https://assets.nicepagecdn.com/f94d3934/6238112/images/thumbnails/IMG-20240422-WA0142.jpg","width":150,"height":113},"usages":[]},{"id":"user-image-IMG-20240422-WA0149.jpg","fileName":"IMG-20240422-WA0149.jpg","name":"IMG-20240422-WA0149","publicUrl":"https://assets.nicepagecdn.com/f94d3934/6238112/images/IMG-20240422-WA0149.jpg","size":252015,"hash":"7e+4uzhhMQZRRvbkbfgwDIxasEw=","width":2016,"height":1512,"folderId":"user-image-folder-76c215b5-56d4-d2cb-34c0-61e42b5d5967","thumbnail":{"url":"https://assets.nicepagecdn.com/f94d3934/6238112/images/thumbnails/IMG-20240422-WA0149.jpg","width":150,"height":113},"usages":[]},{"id":"user-image-IMG-20240422-WA0150.jpg","fileName":"IMG-20240422-WA0150.jpg","name":"IMG-20240422-WA0150","publicUrl":"https://assets.nicepagecdn.com/f94d3934/6238112/images/IMG-20240422-WA0150.jpg","size":215663,"hash":"/N5dMuvNxgvipXeJcul3WwlnSXI=","width":1512,"height":2016,"folderId":"user-image-folder-76c215b5-56d4-d2cb-34c0-61e42b5d5967","thumbnail":{"url":"https://assets.nicepagecdn.com/f94d3934/6238112/images/thumbnails/IMG-20240422-WA0150.jpg","width":113,"height":150},"usages":[]},{"id":"user-image-IMG-20240422-WA0147.jpg","fileName":"IMG-20240422-WA0147.jpg","name":"IMG-20240422-WA0147","publicUrl":"https://assets.nicepagecdn.com/f94d3934/6238112/images/IMG-20240422-WA0147.jpg","size":262089,"hash":"UtLFYftWdpn5Rbph7jTVqL2YXo4=","width":1512,"height":2016,"folderId":"user-image-folder-76c215b5-56d4-d2cb-34c0-61e42b5d5967","thumbnail":{"url":"https://assets.nicepagecdn.com/f94d3934/6238112/images/thumbnails/IMG-20240422-WA0147.jpg","width":113,"height":150},"usages":[]},{"id":"user-image-IMG-20240422-WA0156.jpg","fileName":"IMG-20240422-WA0156.jpg","name":"IMG-20240422-WA0156","publicUrl":"https://assets.nicepagecdn.com/f94d3934/6238112/images/IMG-20240422-WA0156.jpg","size":240456,"hash":"POcIQoNFQWQHufXcG8v91/PG2zY=","width":1512,"height":2016,"folderId":"user-image-folder-76c215b5-56d4-d2cb-34c0-61e42b5d5967","thumbnail":{"url":"https://assets.nicepagecdn.com/f94d3934/6238112/images/thumbnails/IMG-20240422-WA0156.jpg","width":113,"height":150},"usages":[]},{"id":"user-image-IMG-20240422-WA0152.jpg","fileName":"IMG-20240422-WA0152.jpg","name":"IMG-20240422-WA0152","publicUrl":"https://assets.nicepagecdn.com/f94d3934/6238112/images/IMG-20240422-WA0152.jpg","size":208584,"hash":"XzIBgkMkjgDzfoeHd/4Ps0KtwO8=","width":1500,"height":2000,"folderId":"user-image-folder-76c215b5-56d4-d2cb-34c0-61e42b5d5967","thumbnail":{"url":"https://assets.nicepagecdn.com/f94d3934/6238112/images/thumbnails/IMG-20240422-WA0152.jpg","width":113,"height":150},"usages":[]},{"id":"user-image-HIVE_HR-removebg-preview.png","fileName":"HIVE_HR-removebg-preview.png","name":"HIVE_HR-removebg-preview","publicUrl":"https://assets.nicepagecdn.com/f94d3934/6238112/images/HIVE_HR-removebg-preview.png","size":81701,"hash":"hzYrgDgpBO/dQ0CKzIqbErZ8NCA=","width":1001,"height":249,"folderId":null,"thumbnail":{"url":"https://assets.nicepagecdn.com/f94d3934/6238112/images/thumbnails/HIVE_HR-removebg-preview.png","width":150,"height":37},"usages":[]},{"id":"user-image-2-removebg-preview.png","fileName":"2-removebg-preview.png","name":"2-removebg-preview","publicUrl":"https://assets.nicepagecdn.com/f94d3934/6238112/images/2-removebg-preview.png","size":118466,"hash":"I1zU7ajUME7LmRJEg/jRqqakuZY=","width":500,"height":500,"folderId":null,"thumbnail":{"url":"https://assets.nicepagecdn.com/f94d3934/6238112/images/thumbnails/2-removebg-preview.png","width":150,"height":150},"usages":[]},{"id":"user-image-4-removebg-preview.png","fileName":"4-removebg-preview.png","name":"4-removebg-preview","publicUrl":"https://assets.nicepagecdn.com/f94d3934/6238112/images/4-removebg-preview.png","size":70642,"hash":"FhmX4J/dVXddqfopTtyDu+Vkq98=","width":500,"height":500,"folderId":null,"thumbnail":{"url":"https://assets.nicepagecdn.com/f94d3934/6238112/images/thumbnails/4-removebg-preview.png","width":150,"height":150},"usages":[]},{"id":"user-image-5-removebg-preview.png","fileName":"5-removebg-preview.png","name":"5-removebg-preview","publicUrl":"https://assets.nicepagecdn.com/f94d3934/6238112/images/5-removebg-preview.png","size":70020,"hash":"ZHR259/1qUcRd2y7CePvs7fGqsY=","width":500,"height":500,"folderId":null,"thumbnail":{"url":"https://assets.nicepagecdn.com/f94d3934/6238112/images/thumbnails/5-removebg-preview.png","width":150,"height":150},"usages":[]},{"id":"user-image-5.png","fileName":"5.png","name":"5","publicUrl":"https://assets.nicepagecdn.com/f94d3934/6238112/images/5.png","size":46212,"hash":"z73D4uS4d2IRPRazRTQDLAF2sK4=","width":500,"height":500,"folderId":null,"thumbnail":{"url":"https://assets.nicepagecdn.com/f94d3934/6238112/images/thumbnails/5.png","width":150,"height":150},"usages":[]},{"id":"user-image-3.png","fileName":"3.png","name":"3","publicUrl":"https://assets.nicepagecdn.com/f94d3934/6238112/images/3.png","size":43287,"hash":"p0xupAWezTD6z9OzDhrceQLPECU=","width":500,"height":500,"folderId":null,"thumbnail":{"url":"https://assets.nicepagecdn.com/f94d3934/6238112/images/thumbnails/3.png","width":150,"height":150},"usages":[]},{"id":"user-image-4.png","fileName":"4.png","name":"4","publicUrl":"https://assets.nicepagecdn.com/f94d3934/6238112/images/4.png","size":45911,"hash":"ZUq64ajdRn/J4Wr5cQJ0kUypIfc=","width":500,"height":500,"folderId":null,"thumbnail":{"url":"https://assets.nicepagecdn.com/f94d3934/6238112/images/thumbnails/4.png","width":150,"height":150},"usages":[]},{"id":"user-image-2.png","fileName":"2.png","name":"2","publicUrl":"https://assets.nicepagecdn.com/f94d3934/6238112/images/2.png","size":62476,"hash":"+T5QyjrBBYRTqJXfkGPUcog/vkk=","width":500,"height":500,"folderId":null,"thumbnail":{"url":"https://assets.nicepagecdn.com/f94d3934/6238112/images/thumbnails/2.png","width":150,"height":150},"usages":["904620680","182529301","97896196","19508650"]},{"id":"user-image-1.png","fileName":"1.png","name":"1","publicUrl":"https://assets.nicepagecdn.com/f94d3934/6238112/images/1.png","size":22552,"hash":"Aj9YgbqrxIIGoBQ501nV58pokJA=","width":500,"height":500,"folderId":null,"thumbnail":{"url":"https://assets.nicepagecdn.com/f94d3934/6238112/images/thumbnails/1.png","width":150,"height":150},"usages":[]},{"id":"user-image-folder-76c215b5-56d4-d2cb-34c0-61e42b5d5967","isFolder":true,"title":"past-works","folderId":null,"count":147,"usages":[]},{"id":"user-image-folder-32ce46ac-d233-08fb-caaa-4d4b738445bd","isFolder":true,"title":"icons","folderId":null,"count":8,"usages":[]}]