[{"id":2537713342,"title":"Blog Template","order":1,"templateKey":"blog","customTemplate":false,"customTemplateFilename":null,"pageLinks":[],"dateCreated":"2024-04-19T10:04:34.575Z","dateUpdated":"2024-04-19T10:04:40.280Z","folderId":null,"pageName":"Blog Template","sectionCount":1,"status":2},{"id":6489324,"title":"Post Template","order":2,"templateKey":"post","customTemplate":false,"customTemplateFilename":null,"pageLinks":[],"dateCreated":"2024-04-19T10:04:34.711Z","dateUpdated":"2024-04-19T10:04:40.280Z","folderId":null,"pageName":"Post Template","sectionCount":1,"status":2},{"id":273016071,"title":"Product List Template","order":3,"templateKey":"products","customTemplate":false,"customTemplateFilename":null,"pageLinks":[],"dateCreated":"2024-04-19T10:04:34.828Z","dateUpdated":"2024-04-19T10:04:40.280Z","folderId":null,"pageName":"Product List Template","sectionCount":1,"status":2},{"id":262114713,"title":"Product Details Template","order":4,"templateKey":"product","customTemplate":false,"customTemplateFilename":null,"pageLinks":[],"dateCreated":"2024-04-19T10:04:34.952Z","dateUpdated":"2024-04-19T10:04:40.280Z","folderId":null,"pageName":"Product Details Template","sectionCount":1,"status":2},{"id":69477287,"title":"Shopping Cart Template","order":5,"templateKey":"cart","customTemplate":false,"customTemplateFilename":null,"pageLinks":[],"dateCreated":"2024-04-19T10:04:35.053Z","dateUpdated":"2024-04-19T10:04:40.280Z","folderId":null,"pageName":"Shopping Cart Template","sectionCount":1,"status":2},{"id":669826475,"title":"Login Template","order":7,"templateKey":"login","customTemplate":false,"customTemplateFilename":null,"pageLinks":[],"dateCreated":"2024-04-19T10:04:35.177Z","dateUpdated":"2024-04-19T10:04:40.281Z","folderId":null,"pageName":"Login Template","sectionCount":1,"status":2},{"id":381026718,"title":"Password Template","order":8,"templateKey":"password","customTemplate":false,"customTemplateFilename":null,"pageLinks":[],"dateCreated":"2024-04-19T10:04:35.232Z","dateUpdated":"2024-04-19T10:04:40.281Z","folderId":null,"pageName":"Password Template","sectionCount":1,"status":2},{"id":167325195,"title":"404 Not Found Template","order":9,"templateKey":"404","customTemplate":false,"customTemplateFilename":null,"pageLinks":[],"dateCreated":"2024-04-19T10:04:35.282Z","dateUpdated":"2024-04-19T10:04:40.281Z","folderId":null,"pageName":"404 Not Found Template","sectionCount":1,"status":2},{"id":809722436,"title":"Thank You Template","order":10,"templateKey":"ThankYou","customTemplate":false,"customTemplateFilename":null,"pageLinks":[],"dateCreated":"2024-04-19T10:04:35.327Z","dateUpdated":"2024-04-19T10:04:40.281Z","folderId":null,"pageName":"Thank You Template","sectionCount":1,"status":2},{"id":904620680,"title":"home","order":50,"templateKey":null,"customTemplate":false,"customTemplateFilename":null,"pageLinks":["6","5","4","3","2","1"],"dateCreated":"2024-04-19T10:06:55.269Z","dateUpdated":"2024-04-28T11:05:36.557Z","folderId":null,"pageName":"home_904620680","sectionCount":9,"status":2},{"id":182529301,"title":"terms-and-conditions","order":100,"templateKey":null,"customTemplate":false,"customTemplateFilename":null,"pageLinks":[],"dateCreated":"2024-04-19T10:04:35.521Z","dateUpdated":"2024-04-26T19:14:07.462Z","folderId":null,"pageName":"terms-and-conditions_182529301","sectionCount":1,"status":2},{"id":19508650,"title":"health-and-safety","order":100.5,"templateKey":null,"customTemplate":false,"customTemplateFilename":null,"pageLinks":[],"dateCreated":"2024-04-19T10:04:35.521Z","dateUpdated":"2024-04-26T19:33:04.864Z","folderId":null,"pageName":"health-and-safety_19508650","sectionCount":1,"status":2},{"id":97896196,"title":"privacy-policy","order":101,"templateKey":null,"customTemplate":false,"customTemplateFilename":null,"pageLinks":[],"dateCreated":"2024-04-19T10:04:35.521Z","dateUpdated":"2024-04-26T19:04:24.505Z","folderId":null,"pageName":"privacy-policy_97896196","sectionCount":1,"status":2}]